grantCode,iso3,geography,year,disbursedUsd,transactions,retrievedDate
AFG-506-G03-M,AFG,Afghanistan,2006,2222644.25,1,2026-09-03
AFG-506-G03-M,AFG,Afghanistan,2007,2909565.3,2,2026-09-03
AFG-506-G03-M,AFG,Afghanistan,2008,8141152,4,2026-09-03
AFG-506-G03-M,AFG,Afghanistan,2009,1917478.19,1,2026-09-03
AFG-506-G03-M,AFG,Afghanistan,2010,759933.58,1,2026-09-03
AFG-506-G03-M,AFG,Afghanistan,2011,840730,1,2026-09-03
AFG-506-G03-M,AFG,Afghanistan,2015,-78323.37,1,2026-09-03
AFG-509-G06-M,AFG,Afghanistan,2009,7171871.31,3,2026-09-03
AFG-809-G08-M,AFG,Afghanistan,2010,1768072.79,1,2026-09-03
AFG-809-G08-M,AFG,Afghanistan,2012,1042387.67,1,2026-09-03
AFG-809-G09-M,AFG,Afghanistan,2009,9856471.27,1,2026-09-03
AFG-809-G09-M,AFG,Afghanistan,2012,9294741,2,2026-09-03
AFG-809-G09-M,AFG,Afghanistan,2013,16257147.01,2,2026-09-03
AFG-809-G09-M,AFG,Afghanistan,2014,7046806.6,1,2026-09-03
AFG-809-G09-M,AFG,Afghanistan,2015,1824279.28,2,2026-09-03
AFG-809-G09-M,AFG,Afghanistan,2016,39877.64,1,2026-09-03
AFG-809-G10-M,AFG,Afghanistan,2009,1470302.62,1,2026-09-03
AFG-809-G10-M,AFG,Afghanistan,2010,611903.62,1,2026-09-03
AFG-809-G10-M,AFG,Afghanistan,2011,309072.32,1,2026-09-03
AFG-809-G10-M,AFG,Afghanistan,2012,1648445.39,1,2026-09-03
AFG-809-G10-M,AFG,Afghanistan,2013,831278.8,1,2026-09-03
AFG-809-G10-M,AFG,Afghanistan,2014,1007671.66,2,2026-09-03
AFG-809-G10-M,AFG,Afghanistan,2016,-188764.39,1,2026-09-03
AFG-812-G14-M,AFG,Afghanistan,2012,541189.79,1,2026-09-03
AFG-812-G14-M,AFG,Afghanistan,2013,537561.93,2,2026-09-03
AFG-812-G14-M,AFG,Afghanistan,2014,419798.71,1,2026-09-03
AFG-812-G14-M,AFG,Afghanistan,2016,-73959.73,1,2026-09-03
AFG-812-G14-M,AFG,Afghanistan,2017,-3188.75,1,2026-09-03
AFG-M-UNDP,AFG,Afghanistan,2015,6810447,1,2026-09-03
AFG-M-UNDP,AFG,Afghanistan,2016,5880716,2,2026-09-03
AFG-M-UNDP,AFG,Afghanistan,2017,6890944,4,2026-09-03
AFG-M-UNDP,AFG,Afghanistan,2018,9556499.6,4,2026-09-03
AFG-M-UNDP,AFG,Afghanistan,2019,10199126.62,6,2026-09-03
AFG-M-UNDP,AFG,Afghanistan,2020,6241718.65,5,2026-09-03
AFG-M-UNDP,AFG,Afghanistan,2021,9312416.29,2,2026-09-03
AFG-M-UNDP,AFG,Afghanistan,2022,-605312.28,1,2026-09-03
AGO-305-G01-M,AGO,Angola,2005,19510833,5,2026-09-03
AGO-305-G01-M,AGO,Angola,2006,3203422.84,3,2026-09-03
AGO-305-G01-M,AGO,Angola,2007,8559054,3,2026-09-03
AGO-305-G01-M,AGO,Angola,2008,3560278.1,1,2026-09-03
AGO-305-G01-M,AGO,Angola,2012,-1144508.85,2,2026-09-03
AGO-708-G04-M,AGO,Angola,2008,6312280.15,1,2026-09-03
AGO-708-G04-M,AGO,Angola,2009,9614770.22,2,2026-09-03
AGO-708-G04-M,AGO,Angola,2010,11244640.53,7,2026-09-03
AGO-708-G04-M,AGO,Angola,2012,0,2,2026-09-03
AGO-M-MOH,AGO,Angola,2012,8215109,2,2026-09-03
AGO-M-MOH,AGO,Angola,2013,25215798.79,4,2026-09-03
AGO-M-MOH,AGO,Angola,2014,-249157.74,1,2026-09-03
AGO-M-MOH,AGO,Angola,2015,1319877.12,3,2026-09-03
AGO-M-MOH,AGO,Angola,2016,884616.18,9,2026-09-03
AGO-M-MOH,AGO,Angola,2017,12023624.76,27,2026-09-03
AGO-M-MOH,AGO,Angola,2018,9578147.9,30,2026-09-03
AGO-M-MOH,AGO,Angola,2019,1973918.06,13,2026-09-03
AGO-M-MOH,AGO,Angola,2020,1868990.85,17,2026-09-03
AGO-M-MOH,AGO,Angola,2021,10491.27,6,2026-09-03
AGO-M-MOH,AGO,Angola,2022,-288671,2,2026-09-03
AGO-M-WVI,AGO,Angola,2016,1730732,1,2026-09-03
AGO-M-WVI,AGO,Angola,2017,3088818,2,2026-09-03
AGO-M-WVI,AGO,Angola,2018,2545601.92,3,2026-09-03
AGO-M-WVI,AGO,Angola,2019,3054122.75,10,2026-09-03
AGO-M-WVI,AGO,Angola,2020,4055780.01,14,2026-09-03
AGO-M-WVI,AGO,Angola,2021,2318359.83,35,2026-09-03
AZE-708-G04-M,AZE,Azerbaijan,2008,1386776.29,1,2026-09-03
AZE-708-G04-M,AZE,Azerbaijan,2009,1772080.44,3,2026-09-03
AZE-708-G04-M,AZE,Azerbaijan,2010,942504.72,2,2026-09-03
AZE-708-G04-M,AZE,Azerbaijan,2011,266589.78,1,2026-09-03
AZE-708-G04-M,AZE,Azerbaijan,2012,587128.1,2,2026-09-03
AZE-708-G04-M,AZE,Azerbaijan,2013,554195.04,2,2026-09-03
AZE-708-G04-M,AZE,Azerbaijan,2014,-35782.44,1,2026-09-03
BDI-202-G02-M-00,BDI,Burundi,2003,2038647,1,2026-09-03
BDI-202-G02-M-00,BDI,Burundi,2004,4631016.89,1,2026-09-03
BDI-202-G02-M-00,BDI,Burundi,2005,6260398,2,2026-09-03
BDI-202-G02-M-00,BDI,Burundi,2006,3638269,1,2026-09-03
BDI-202-G05-M-00,BDI,Burundi,2007,2881171,4,2026-09-03
BDI-202-G05-M-00,BDI,Burundi,2008,9623263,1,2026-09-03
BDI-202-G05-M-00,BDI,Burundi,2009,4532058.88,1,2026-09-03
BDI-202-G05-M-00,BDI,Burundi,2010,1816607,2,2026-09-03
BDI-202-G05-M-00,BDI,Burundi,2011,4720086,1,2026-09-03
BDI-202-G05-M-00,BDI,Burundi,2013,2201757,2,2026-09-03
BDI-202-G05-M-00,BDI,Burundi,2014,3366285.98,1,2026-09-03
BDI-910-G09-M,BDI,Burundi,2010,11947328.65,2,2026-09-03
BDI-910-G09-M,BDI,Burundi,2011,542634,2,2026-09-03
BDI-910-G09-M,BDI,Burundi,2012,823973.23,3,2026-09-03
BDI-910-G09-M,BDI,Burundi,2013,17642722.37,5,2026-09-03
BDI-910-G09-M,BDI,Burundi,2015,-317954.69,1,2026-09-03
BDI-M-CARITAS,BDI,Burundi,2016,1145015,2,2026-09-03
BDI-M-CARITAS,BDI,Burundi,2017,3010193.46,3,2026-09-03
BDI-M-CARITAS,BDI,Burundi,2018,-1737,1,2026-09-03
BDI-M-CARITAS,BDI,Burundi,2019,-1381.85,1,2026-09-03
BDI-M-PNILP,BDI,Burundi,2016,5850363.91,18,2026-09-03
BDI-M-PNILP,BDI,Burundi,2017,21382273.51,26,2026-09-03
BDI-M-PNILP,BDI,Burundi,2018,414014.66,9,2026-09-03
BDI-M-SEPCNLS,BDI,Burundi,2015,3749375.61,3,2026-09-03
BDI-M-UNDP,BDI,Burundi,2017,3418857.03,1,2026-09-03
BDI-M-UNDP,BDI,Burundi,2018,1688638,2,2026-09-03
BDI-M-UNDP,BDI,Burundi,2019,31159418.03,4,2026-09-03
BDI-M-UNDP,BDI,Burundi,2020,20781065.38,5,2026-09-03
BDI-M-UNDP,BDI,Burundi,2021,34574830.28,5,2026-09-03
BDI-M-UNDP,BDI,Burundi,2022,43024688,6,2026-09-03
BDI-M-UNDP,BDI,Burundi,2023,874816.79,3,2026-09-03
BDI-M-UNDP,BDI,Burundi,2024,3568445.93,2,2026-09-03
BDI-M-UNDP,BDI,Burundi,2025,2387041.83,3,2026-09-03
BDI-M-UNDP,BDI,Burundi,2026,-12181.67,1,2026-09-03
BEN-102-G01-M-00,BEN,Benin,2003,1238496,2,2026-09-03
BEN-102-G01-M-00,BEN,Benin,2004,1078643,2,2026-09-03
BEN-102-G01-M-00,BEN,Benin,2005,506599,1,2026-09-03
BEN-102-G01-M-00,BEN,Benin,2006,131294,1,2026-09-03
BEN-102-G01-M-00,BEN,Benin,2011,-387898.04,1,2026-09-03
BEN-102-G01-M-00,BEN,Benin,2012,-1207.22,1,2026-09-03
BEN-102-G01-M-00,BEN,Benin,2013,-3100.47,1,2026-09-03
BEN-304-G04-M,BEN,Benin,2004,646754,1,2026-09-03
BEN-304-G04-M,BEN,Benin,2005,588016.93,3,2026-09-03
BEN-304-G04-M,BEN,Benin,2006,256232.74,3,2026-09-03
BEN-304-G04-M,BEN,Benin,2007,361858.18,3,2026-09-03
BEN-304-G04-M,BEN,Benin,2008,376452.23,3,2026-09-03
BEN-304-G04-M,BEN,Benin,2009,214400.38,2,2026-09-03
BEN-304-G04-M,BEN,Benin,2010,20613372.83,1,2026-09-03
BEN-304-G04-M,BEN,Benin,2011,3509583.9,3,2026-09-03
BEN-304-G04-M,BEN,Benin,2012,2363781.11,2,2026-09-03
BEN-304-G04-M,BEN,Benin,2013,25373673.59,2,2026-09-03
BEN-304-G04-M,BEN,Benin,2014,11315789.22,5,2026-09-03
BEN-304-G04-M,BEN,Benin,2015,-578533.39,3,2026-09-03
BEN-304-G04-M,BEN,Benin,2016,382165.26,1,2026-09-03
BEN-304-G04-M,BEN,Benin,2019,-61376.37,1,2026-09-03
BEN-708-G07-M,BEN,Benin,2008,5218924.24,1,2026-09-03
BEN-708-G07-M,BEN,Benin,2010,3415445.35,2,2026-09-03
BEN-708-G07-M,BEN,Benin,2011,2330557.55,1,2026-09-03
BEN-708-G07-M,BEN,Benin,2012,3485972.23,3,2026-09-03
BEN-708-G07-M,BEN,Benin,2013,2274843.96,2,2026-09-03
BEN-708-G07-M,BEN,Benin,2014,2305316.67,2,2026-09-03
BEN-708-G07-M,BEN,Benin,2015,3909390.01,3,2026-09-03
BEN-708-G07-M,BEN,Benin,2017,-389089.94,1,2026-09-03
BEN-M-PNLP,BEN,Benin,2016,2535038.75,5,2026-09-03
BEN-M-PNLP,BEN,Benin,2017,29856395.7,17,2026-09-03
BEN-M-PNLP,BEN,Benin,2018,4995744.93,15,2026-09-03
BEN-M-PNLP,BEN,Benin,2019,14271817.45,49,2026-09-03
BEN-M-PNLP,BEN,Benin,2020,12401934.65,65,2026-09-03
BEN-M-PNLP,BEN,Benin,2021,12141226.43,29,2026-09-03
BEN-M-PNLP,BEN,Benin,2022,24516992.88,97,2026-09-03
BEN-M-PNLP,BEN,Benin,2023,10512596.05,84,2026-09-03
BEN-M-PNLP,BEN,Benin,2024,494583.74,11,2026-09-03
BEN-M-PNLP,BEN,Benin,2025,-1269353.11,1,2026-09-03
BFA-202-G01-M-00,BFA,Burkina Faso,2003,627513,1,2026-09-03
BFA-202-G01-M-00,BFA,Burkina Faso,2004,2298000,1,2026-09-03
BFA-202-G01-M-00,BFA,Burkina Faso,2005,4193558,2,2026-09-03
BFA-202-G01-M-00,BFA,Burkina Faso,2009,-306579.24,1,2026-09-03
BFA-809-G09-M,BFA,Burkina Faso,2009,5126455.6,1,2026-09-03
BFA-809-G09-M,BFA,Burkina Faso,2010,3768386.27,1,2026-09-03
BFA-809-G09-M,BFA,Burkina Faso,2011,4079512.09,2,2026-09-03
BFA-M-PADS,BFA,Burkina Faso,2012,40036330.38,4,2026-09-03
BFA-M-PADS,BFA,Burkina Faso,2013,6078923.47,14,2026-09-03
BFA-M-PADS,BFA,Burkina Faso,2014,2745044.55,8,2026-09-03
BFA-M-PADS,BFA,Burkina Faso,2015,31584605.08,10,2026-09-03
BFA-M-PADS,BFA,Burkina Faso,2016,36837977.46,27,2026-09-03
BFA-M-PADS,BFA,Burkina Faso,2017,13702872.42,24,2026-09-03
BFA-M-PADS,BFA,Burkina Faso,2018,34095523.79,81,2026-09-03
BFA-M-PADS,BFA,Burkina Faso,2019,35469226.1,119,2026-09-03
BFA-M-PADS,BFA,Burkina Faso,2020,41781065.41,116,2026-09-03
BFA-M-PADS,BFA,Burkina Faso,2021,66757382.1,141,2026-09-03
BFA-M-PADS,BFA,Burkina Faso,2022,103016908.36,335,2026-09-03
BFA-M-PADS,BFA,Burkina Faso,2023,45859436.91,113,2026-09-03
BFA-M-PADS,BFA,Burkina Faso,2024,55099454.95,178,2026-09-03
BFA-M-PADS,BFA,Burkina Faso,2025,68343471.52,296,2026-09-03
BFA-M-PADS,BFA,Burkina Faso,2026,15350449.46,143,2026-09-03
BGD-607-G06-M,BGD,Bangladesh,2007,3081793,1,2026-09-03
BGD-607-G06-M,BGD,Bangladesh,2008,2658258,2,2026-09-03
BGD-607-G06-M,BGD,Bangladesh,2009,3521417,3,2026-09-03
BGD-607-G06-M,BGD,Bangladesh,2010,1454003,1,2026-09-03
BGD-607-G07-M,BGD,Bangladesh,2007,4723431,2,2026-09-03
BGD-607-G07-M,BGD,Bangladesh,2008,5712440,3,2026-09-03
BGD-607-G07-M,BGD,Bangladesh,2010,3666832.81,3,2026-09-03
BGD-607-G07-M,BGD,Bangladesh,2012,-958000,1,2026-09-03
BGD-M-BRAC,BGD,Bangladesh,2010,1514822,1,2026-09-03
BGD-M-BRAC,BGD,Bangladesh,2011,2839945,2,2026-09-03
BGD-M-BRAC,BGD,Bangladesh,2012,3010539,2,2026-09-03
BGD-M-BRAC,BGD,Bangladesh,2013,3890048,2,2026-09-03
BGD-M-BRAC,BGD,Bangladesh,2014,4177686,2,2026-09-03
BGD-M-BRAC,BGD,Bangladesh,2015,3382761,4,2026-09-03
BGD-M-BRAC,BGD,Bangladesh,2016,2782255,3,2026-09-03
BGD-M-BRAC,BGD,Bangladesh,2017,5075562,5,2026-09-03
BGD-M-BRAC,BGD,Bangladesh,2018,3006444,3,2026-09-03
BGD-M-BRAC,BGD,Bangladesh,2019,4416278,4,2026-09-03
BGD-M-BRAC,BGD,Bangladesh,2020,5417265.31,5,2026-09-03
BGD-M-BRAC,BGD,Bangladesh,2021,4422592.35,5,2026-09-03
BGD-M-BRAC,BGD,Bangladesh,2022,4309025,8,2026-09-03
BGD-M-BRAC,BGD,Bangladesh,2023,7026157,9,2026-09-03
BGD-M-BRAC,BGD,Bangladesh,2024,3527922.52,4,2026-09-03
BGD-M-BRAC,BGD,Bangladesh,2025,7218744.16,9,2026-09-03
BGD-M-BRAC,BGD,Bangladesh,2026,4915167.21,7,2026-09-03
BGD-M-NMCP,BGD,Bangladesh,2010,3697050,3,2026-09-03
BGD-M-NMCP,BGD,Bangladesh,2011,6033061.33,3,2026-09-03
BGD-M-NMCP,BGD,Bangladesh,2012,293803,2,2026-09-03
BGD-M-NMCP,BGD,Bangladesh,2013,12514769.17,8,2026-09-03
BGD-M-NMCP,BGD,Bangladesh,2014,217719.95,2,2026-09-03
BGD-M-NMCP,BGD,Bangladesh,2015,3369415.52,8,2026-09-03
BGD-M-NMCP,BGD,Bangladesh,2016,3607591.16,18,2026-09-03
BGD-M-NMCP,BGD,Bangladesh,2017,7595346.29,43,2026-09-03
BGD-M-NMCP,BGD,Bangladesh,2018,3933776.95,30,2026-09-03
BGD-M-NMCP,BGD,Bangladesh,2019,989775.86,8,2026-09-03
BGD-M-NMCP,BGD,Bangladesh,2020,8181322.37,38,2026-09-03
BGD-M-NMCP,BGD,Bangladesh,2021,2302063.31,27,2026-09-03
BGD-M-NMCP,BGD,Bangladesh,2022,15869381.62,43,2026-09-03
BGD-M-NMCP,BGD,Bangladesh,2023,6465668.98,25,2026-09-03
BGD-M-NMCP,BGD,Bangladesh,2024,4077518.1,24,2026-09-03
BGD-M-NMCP,BGD,Bangladesh,2025,7463197.2,50,2026-09-03
BGD-M-NMCP,BGD,Bangladesh,2026,2018056.06,16,2026-09-03
BOL-304-G02-M,BOL,Bolivia (Plurinational State),2004,780367,1,2026-09-03
BOL-304-G02-M,BOL,Bolivia (Plurinational State),2005,1630869,2,2026-09-03
BOL-304-G02-M,BOL,Bolivia (Plurinational State),2006,655876.13,4,2026-09-03
BOL-304-G02-M,BOL,Bolivia (Plurinational State),2007,-41376.01,1,2026-09-03
BOL-306-G05-M,BOL,Bolivia (Plurinational State),2006,1713809,2,2026-09-03
BOL-306-G05-M,BOL,Bolivia (Plurinational State),2007,371546.54,3,2026-09-03
BOL-809-G08-M,BOL,Bolivia (Plurinational State),2009,2116856,1,2026-09-03
BOL-809-G08-M,BOL,Bolivia (Plurinational State),2010,1773184.29,2,2026-09-03
BOL-809-G08-M,BOL,Bolivia (Plurinational State),2011,1525890,2,2026-09-03
BOL-809-G08-M,BOL,Bolivia (Plurinational State),2012,3423745,2,2026-09-03
BOL-809-G08-M,BOL,Bolivia (Plurinational State),2013,2112710,1,2026-09-03
BOL-809-G08-M,BOL,Bolivia (Plurinational State),2014,1318174.46,2,2026-09-03
BOL-809-G08-M,BOL,Bolivia (Plurinational State),2015,1164955,2,2026-09-03
BOL-809-G08-M,BOL,Bolivia (Plurinational State),2019,-23296,1,2026-09-03
BOL-M-UNDP,BOL,Bolivia (Plurinational State),2016,4150580,3,2026-09-03
BOL-M-UNDP,BOL,Bolivia (Plurinational State),2017,2743499,1,2026-09-03
BOL-M-UNDP,BOL,Bolivia (Plurinational State),2018,3347787.78,5,2026-09-03
BOL-M-UNDP,BOL,Bolivia (Plurinational State),2019,846063.71,3,2026-09-03
BOL-M-UNDP,BOL,Bolivia (Plurinational State),2020,1851396.94,4,2026-09-03
BOL-M-UNDP,BOL,Bolivia (Plurinational State),2021,1316081.25,4,2026-09-03
BOL-M-UNDP,BOL,Bolivia (Plurinational State),2022,3722678.47,2,2026-09-03
BOL-M-UNDP,BOL,Bolivia (Plurinational State),2023,1086549.13,2,2026-09-03
BOL-M-UNDP,BOL,Bolivia (Plurinational State),2024,3778512.01,4,2026-09-03
BOL-M-UNDP,BOL,Bolivia (Plurinational State),2025,-12435.94,1,2026-09-03
BOL-M-UNDP,BOL,Bolivia (Plurinational State),2026,141482.86,4,2026-09-03
BRA-809-G03-M,BRA,Brazil,2009,2603648.58,1,2026-09-03
BRA-809-G03-M,BRA,Brazil,2011,2646951.7,1,2026-09-03
BRA-809-G03-M,BRA,Brazil,2012,-253837.44,2,2026-09-03
BRA-809-G04-M,BRA,Brazil,2009,1899960.59,1,2026-09-03
BRA-809-G04-M,BRA,Brazil,2010,5796815.8,2,2026-09-03
BRA-809-G04-M,BRA,Brazil,2011,4761065.26,2,2026-09-03
BRA-809-G04-M,BRA,Brazil,2013,-228779.28,3,2026-09-03
BRN-910-G10-M,BDI,Burundi,2010,1709069,1,2026-09-03
BRN-910-G10-M,BDI,Burundi,2011,886497,2,2026-09-03
BRN-910-G10-M,BDI,Burundi,2012,194793,1,2026-09-03
BRN-910-G10-M,BDI,Burundi,2013,2908372,3,2026-09-03
BRN-910-G10-M,BDI,Burundi,2014,1407957.06,2,2026-09-03
BRN-910-G10-M,BDI,Burundi,2016,564753.04,2,2026-09-03
BRN-910-G10-M,BDI,Burundi,2017,-5415.21,1,2026-09-03
BRN-910-G10-M,BDI,Burundi,2018,-295395,1,2026-09-03
BRN-910-G10-M,BDI,Burundi,2019,-11949.92,2,2026-09-03
BTN-405-G01-M,BTN,Bhutan,2005,503587,1,2026-09-03
BTN-405-G01-M,BTN,Bhutan,2006,405429,1,2026-09-03
BTN-405-G01-M,BTN,Bhutan,2007,339055.85,1,2026-09-03
BTN-405-G01-M,BTN,Bhutan,2008,95125.96,1,2026-09-03
BTN-708-G05-M,BTN,Bhutan,2008,964723,1,2026-09-03
BTN-708-G05-M,BTN,Bhutan,2009,726894,1,2026-09-03
BTN-708-G05-M,BTN,Bhutan,2010,478376.37,2,2026-09-03
BTN-708-G05-M,BTN,Bhutan,2011,260266.55,1,2026-09-03
BTN-708-G05-M,BTN,Bhutan,2012,440259.41,2,2026-09-03
BTN-708-G05-M,BTN,Bhutan,2013,405270.59,3,2026-09-03
BTN-708-G05-M,BTN,Bhutan,2014,239889.06,5,2026-09-03
BTN-M-MOH,BTN,Bhutan,2015,564400.56,3,2026-09-03
BTN-M-MOH,BTN,Bhutan,2016,437520.07,11,2026-09-03
BTN-M-MOH,BTN,Bhutan,2017,560007.06,12,2026-09-03
BTN-M-MOH,BTN,Bhutan,2018,326973.64,16,2026-09-03
BTN-M-MOH,BTN,Bhutan,2019,383556.32,13,2026-09-03
BTN-M-MOH,BTN,Bhutan,2020,1311071.96,17,2026-09-03
BTN-M-MOH,BTN,Bhutan,2021,461050.91,22,2026-09-03
BTN-M-MOH,BTN,Bhutan,2022,577379.55,23,2026-09-03
BTN-M-MOH,BTN,Bhutan,2023,296807.87,11,2026-09-03
BTN-M-MOH,BTN,Bhutan,2024,137294.6,1,2026-09-03
BTN-M-MOH,BTN,Bhutan,2025,450984.44,17,2026-09-03
BTN-M-MOH,BTN,Bhutan,2026,263436.22,9,2026-09-03
BUR-708-G07-M,BFA,Burkina Faso,2008,6848872.32,1,2026-09-03
BUR-708-G07-M,BFA,Burkina Faso,2009,9150740.29,5,2026-09-03
BUR-708-G07-M,BFA,Burkina Faso,2010,962190.45,1,2026-09-03
BUR-708-G07-M,BFA,Burkina Faso,2011,5274995.45,2,2026-09-03
BUR-708-G07-M,BFA,Burkina Faso,2012,-2020630.8,3,2026-09-03
BUR-708-G07-M,BFA,Burkina Faso,2014,-29344.18,1,2026-09-03
BUR-708-G07-M,BFA,Burkina Faso,2016,-75835.52,1,2026-09-03
BUR-809-G08-M,BFA,Burkina Faso,2009,495778.8,1,2026-09-03
BUR-809-G08-M,BFA,Burkina Faso,2010,42492219.29,3,2026-09-03
BUR-809-G08-M,BFA,Burkina Faso,2011,668763.82,1,2026-09-03
BUR-809-G08-M,BFA,Burkina Faso,2016,-1345062.31,3,2026-09-03
BUR-809-G08-M,BFA,Burkina Faso,2017,-2288054.35,2,2026-09-03
BUR-809-G08-M,BFA,Burkina Faso,2018,-2935018.18,2,2026-09-03
BUR-809-G08-M,BFA,Burkina Faso,2019,-2935155.86,2,2026-09-03
BUR-809-G08-M,BFA,Burkina Faso,2020,-2935296.3,2,2026-09-03
BUR-M-PLAN,BFA,Burkina Faso,2012,2306239.13,1,2026-09-03
BUR-M-PLAN,BFA,Burkina Faso,2013,3321005.1,3,2026-09-03
BUR-M-PLAN,BFA,Burkina Faso,2014,3541643.83,4,2026-09-03
BUR-M-PLAN,BFA,Burkina Faso,2015,2262551.88,2,2026-09-03
BUR-M-PLAN,BFA,Burkina Faso,2016,57446.98,1,2026-09-03
BUR-M-PLAN,BFA,Burkina Faso,2017,-18484.9,1,2026-09-03
BWA-M-BMOH,BWA,Botswana,2015,1651425,1,2026-09-03
BWA-M-BMOH,BWA,Botswana,2017,1618249,1,2026-09-03
BWA-M-BMOH,BWA,Botswana,2018,1475705.06,3,2026-09-03
BWA-M-BMOH,BWA,Botswana,2019,270407,2,2026-09-03
BWA-M-BMOH,BWA,Botswana,2020,133414.26,1,2026-09-03
BWA-M-BMOH,BWA,Botswana,2021,347609.99,6,2026-09-03
BWA-M-BMOH,BWA,Botswana,2022,4288.25,1,2026-09-03
BWA-M-BMOH,BWA,Botswana,2023,4288.25,1,2026-09-03
BWA-M-BMOH,BWA,Botswana,2024,-317161,1,2026-09-03
BWA-M-BMOH,BWA,Botswana,2025,-226769,1,2026-09-03
CAF-405-G04-M,CAF,Central African Republic,2005,1872782,1,2026-09-03
CAF-405-G04-M,CAF,Central African Republic,2006,4217075.86,3,2026-09-03
CAF-405-G04-M,CAF,Central African Republic,2007,4287672,1,2026-09-03
CAF-405-G04-M,CAF,Central African Republic,2008,2294055.09,1,2026-09-03
CAF-405-G04-M,CAF,Central African Republic,2010,962050.76,1,2026-09-03
CAF-405-G04-M,CAF,Central African Republic,2015,-2248.93,1,2026-09-03
CAF-405-G04-M,CAF,Central African Republic,2016,-2463.82,1,2026-09-03
CAF-405-G04-M,CAF,Central African Republic,2017,-71931.51,2,2026-09-03
CAF-810-G08-M,CAF,Central African Republic,2011,679855.57,3,2026-09-03
CAF-810-G08-M,CAF,Central African Republic,2012,3836067.07,6,2026-09-03
CAF-810-G08-M,CAF,Central African Republic,2013,1000301.44,12,2026-09-03
CAF-810-G08-M,CAF,Central African Republic,2014,-120480.25,2,2026-09-03
CAF-810-G08-M,CAF,Central African Republic,2015,-75403.11,1,2026-09-03
CAF-810-G08-M,CAF,Central African Republic,2016,-23380.32,1,2026-09-03
CAF-810-G08-M,CAF,Central African Republic,2017,-381.37,1,2026-09-03
CAF-810-G08-M,CAF,Central African Republic,2019,-38929.1,2,2026-09-03
CAF-813-G10-M,CAF,Central African Republic,2013,11275725.36,3,2026-09-03
CAF-813-G10-M,CAF,Central African Republic,2014,2235061.59,4,2026-09-03
CAF-813-G10-M,CAF,Central African Republic,2015,3442118.4,1,2026-09-03
CAF-813-G10-M,CAF,Central African Republic,2016,2670467.11,6,2026-09-03
CAF-M-IFRC,CAF,Central African Republic,2017,16971311.48,16,2026-09-03
CAF-M-IFRC,CAF,Central African Republic,2018,6966874.92,2,2026-09-03
CAF-M-WVI,CAF,Central African Republic,2018,10871742.51,23,2026-09-03
CAF-M-WVI,CAF,Central African Republic,2019,11298881.5,44,2026-09-03
CAF-M-WVI,CAF,Central African Republic,2020,14017225.37,71,2026-09-03
CAF-M-WVI,CAF,Central African Republic,2021,19395525.12,93,2026-09-03
CAF-M-WVI,CAF,Central African Republic,2022,20639094.43,140,2026-09-03
CAF-M-WVI,CAF,Central African Republic,2023,29438291.09,97,2026-09-03
CAF-M-WVI,CAF,Central African Republic,2024,1350695.81,18,2026-09-03
CAF-M-WVI,CAF,Central African Republic,2025,12379216.48,11,2026-09-03
CAF-M-WVI,CAF,Central African Republic,2026,6444161.73,3,2026-09-03
CAM-M-CNM,KHM,Cambodia,2010,24366537.68,1,2026-09-03
CAM-M-CNM,KHM,Cambodia,2011,12266386.08,4,2026-09-03
CAM-M-CNM,KHM,Cambodia,2012,769335,1,2026-09-03
CAM-M-CNM,KHM,Cambodia,2013,-1415369.43,1,2026-09-03
CAM-M-CNM,KHM,Cambodia,2014,-327659,6,2026-09-03
CAM-M-CNM,KHM,Cambodia,2015,-5998934.66,3,2026-09-03
CAM-M-CNM,KHM,Cambodia,2016,-205692.83,2,2026-09-03
CHN-011-G15-M,CHN,China,2012,3223364.34,5,2026-09-03
CHN-011-G15-M,CHN,China,2013,1856498.78,2,2026-09-03
CHN-011-G15-M,CHN,China,2014,-4365,1,2026-09-03
CHN-011-G15-M,CHN,China,2015,-7270,1,2026-09-03
CHN-011-G15-M,CHN,China,2016,-304319.03,1,2026-09-03
CHN-102-G02-M-00,CHN,China,2003,1908195,4,2026-09-03
CHN-102-G02-M-00,CHN,China,2004,1615467,3,2026-09-03
CHN-102-G02-M-00,CHN,China,2005,1023466,3,2026-09-03
CHN-102-G02-M-00,CHN,China,2006,972046.48,3,2026-09-03
CHN-102-G02-M-00,CHN,China,2007,828273.83,2,2026-09-03
CHN-102-G02-M-00,CHN,China,2009,-104750.56,1,2026-09-03
CHN-506-G07-M,CHN,China,2006,7776023,1,2026-09-03
CHN-506-G07-M,CHN,China,2007,9451503,2,2026-09-03
CHN-506-G07-M,CHN,China,2008,2825104,1,2026-09-03
CHN-506-G07-M,CHN,China,2009,9623647,3,2026-09-03
CHN-506-G07-M,CHN,China,2010,1485042,2,2026-09-03
CHN-506-G07-M,CHN,China,2011,-163020.39,1,2026-09-03
CHN-607-G09-M,CHN,China,2007,3053205,1,2026-09-03
CHN-607-G09-M,CHN,China,2008,2648659,2,2026-09-03
CHN-607-G09-M,CHN,China,2009,3308324.21,4,2026-09-03
CHN-607-G09-M,CHN,China,2010,1769541.68,5,2026-09-03
CHN-607-G09-M,CHN,China,2011,-28069.68,1,2026-09-03
CHN-607-G09-M,CHN,China,2012,1114044.13,2,2026-09-03
CHN-607-G09-M,CHN,China,2014,-347661.8,1,2026-09-03
CHN-S10-G13-M,CHN,China,2010,48008123,3,2026-09-03
CHN-S10-G13-M,CHN,China,2011,4973264.75,3,2026-09-03
CHN-S10-G13-M,CHN,China,2012,8502460,1,2026-09-03
CHN-S10-G13-M,CHN,China,2014,-1386219.87,3,2026-09-03
CIV-607-G06-M,CIV,Côte d'Ivoire,2007,4055711.35,1,2026-09-03
CIV-607-G06-M,CIV,Côte d'Ivoire,2009,4962269.43,2,2026-09-03
CIV-809-G08-M,CIV,Côte d'Ivoire,2009,9536527.42,1,2026-09-03
CIV-809-G08-M,CIV,Côte d'Ivoire,2010,45162831.43,1,2026-09-03
CIV-809-G08-M,CIV,Côte d'Ivoire,2011,3470904.81,2,2026-09-03
CIV-809-G08-M,CIV,Côte d'Ivoire,2012,8952668.81,4,2026-09-03
CIV-809-G08-M,CIV,Côte d'Ivoire,2013,1515660.77,7,2026-09-03
CIV-809-G08-M,CIV,Côte d'Ivoire,2014,4933265.99,4,2026-09-03
CIV-809-G08-M,CIV,Côte d'Ivoire,2015,3188757.77,4,2026-09-03
CIV-809-G08-M,CIV,Côte d'Ivoire,2017,-3110.19,1,2026-09-03
CIV-809-G08-M,CIV,Côte d'Ivoire,2018,-132891.53,1,2026-09-03
CIV-809-G09-M,CIV,Côte d'Ivoire,2009,1078234.04,1,2026-09-03
CIV-809-G09-M,CIV,Côte d'Ivoire,2010,14643037.39,3,2026-09-03
CIV-809-G09-M,CIV,Côte d'Ivoire,2011,11229472.17,3,2026-09-03
CIV-809-G09-M,CIV,Côte d'Ivoire,2012,9942576.87,2,2026-09-03
CIV-809-G09-M,CIV,Côte d'Ivoire,2013,43830825.09,7,2026-09-03
CIV-809-G09-M,CIV,Côte d'Ivoire,2014,23108957.26,9,2026-09-03
CIV-809-G09-M,CIV,Côte d'Ivoire,2015,6200721.26,4,2026-09-03
CIV-809-G09-M,CIV,Côte d'Ivoire,2017,-80405.38,1,2026-09-03
CIV-809-G09-M,CIV,Côte d'Ivoire,2019,-6909.07,1,2026-09-03
CIV-M-MOH,CIV,Côte d'Ivoire,2015,9401568.93,12,2026-09-03
CIV-M-MOH,CIV,Côte d'Ivoire,2016,64574470.6,28,2026-09-03
CIV-M-MOH,CIV,Côte d'Ivoire,2017,28841761.66,26,2026-09-03
CIV-M-MOH,CIV,Côte d'Ivoire,2018,14967228.38,33,2026-09-03
CIV-M-MOH,CIV,Côte d'Ivoire,2019,49169136.9,30,2026-09-03
CIV-M-MOH,CIV,Côte d'Ivoire,2020,27864104,66,2026-09-03
CIV-M-MOH,CIV,Côte d'Ivoire,2021,27090353.53,89,2026-09-03
CIV-M-MOH,CIV,Côte d'Ivoire,2022,9297976.8,46,2026-09-03
CIV-M-MOH,CIV,Côte d'Ivoire,2023,34829556.49,48,2026-09-03
CIV-M-MOH,CIV,Côte d'Ivoire,2024,28484367.97,75,2026-09-03
CIV-M-MOH,CIV,Côte d'Ivoire,2025,8475698.72,40,2026-09-03
CIV-M-MOH,CIV,Côte d'Ivoire,2026,18155272.44,87,2026-09-03
CIV-M-SCI,CIV,Côte d'Ivoire,2016,8538934.26,2,2026-09-03
CIV-M-SCI,CIV,Côte d'Ivoire,2017,8978925.59,5,2026-09-03
CIV-M-SCI,CIV,Côte d'Ivoire,2018,11391219.87,5,2026-09-03
CIV-M-SCI,CIV,Côte d'Ivoire,2019,8023380.51,4,2026-09-03
CIV-M-SCI,CIV,Côte d'Ivoire,2020,17437232.43,7,2026-09-03
CIV-M-SCI,CIV,Côte d'Ivoire,2021,12412330.05,10,2026-09-03
CIV-M-SCI,CIV,Côte d'Ivoire,2022,11212686.05,6,2026-09-03
CIV-M-SCI,CIV,Côte d'Ivoire,2023,15047222.89,5,2026-09-03
CIV-M-SCI,CIV,Côte d'Ivoire,2024,11834130.65,5,2026-09-03
CIV-M-SCI,CIV,Côte d'Ivoire,2025,17040016.75,6,2026-09-03
CIV-M-SCI,CIV,Côte d'Ivoire,2026,4755259.81,2,2026-09-03
CMR-304-G02-M,CMR,Cameroon,2004,1886215,1,2026-09-03
CMR-304-G02-M,CMR,Cameroon,2005,5155782,2,2026-09-03
CMR-304-G02-M,CMR,Cameroon,2006,7597853.66,3,2026-09-03
CMR-304-G02-M,CMR,Cameroon,2007,2881539.99,2,2026-09-03
CMR-304-G02-M,CMR,Cameroon,2008,5048367.68,3,2026-09-03
CMR-304-G02-M,CMR,Cameroon,2009,7311705.57,2,2026-09-03
CMR-304-G02-M,CMR,Cameroon,2014,-160068.9,1,2026-09-03
CMR-506-G06-M,CMR,Cameroon,2006,1105244.1,1,2026-09-03
CMR-506-G06-M,CMR,Cameroon,2007,2258455.91,1,2026-09-03
CMR-506-G06-M,CMR,Cameroon,2008,969896.4,2,2026-09-03
CMR-506-G06-M,CMR,Cameroon,2009,2205276.09,1,2026-09-03
CMR-506-G06-M,CMR,Cameroon,2010,1666033.82,2,2026-09-03
CMR-506-G06-M,CMR,Cameroon,2011,2208888.36,1,2026-09-03
CMR-506-G06-M,CMR,Cameroon,2014,-1369779.01,1,2026-09-03
CMR-506-G06-M,CMR,Cameroon,2015,-11707.69,1,2026-09-03
CMR-910-G07-M,CMR,Cameroon,2011,56354975.49,2,2026-09-03
CMR-910-G07-M,CMR,Cameroon,2012,1632339.64,4,2026-09-03
CMR-910-G07-M,CMR,Cameroon,2013,9017896.53,7,2026-09-03
CMR-910-G07-M,CMR,Cameroon,2014,6173720.54,7,2026-09-03
CMR-910-G07-M,CMR,Cameroon,2017,-81583.06,1,2026-09-03
CMR-910-G08-M,CMR,Cameroon,2011,5888809.04,2,2026-09-03
CMR-910-G08-M,CMR,Cameroon,2013,1860792.01,1,2026-09-03
CMR-910-G08-M,CMR,Cameroon,2014,4345260.65,3,2026-09-03
CMR-910-G08-M,CMR,Cameroon,2015,1132592.85,1,2026-09-03
CMR-910-G08-M,CMR,Cameroon,2016,-432615.34,2,2026-09-03
CMR-M-MOH,CMR,Cameroon,2015,54900119.94,23,2026-09-03
CMR-M-MOH,CMR,Cameroon,2016,13740245.67,21,2026-09-03
CMR-M-MOH,CMR,Cameroon,2017,27261572.68,44,2026-09-03
CMR-M-MOH,CMR,Cameroon,2018,16726884.39,71,2026-09-03
CMR-M-MOH,CMR,Cameroon,2019,31175030.01,113,2026-09-03
CMR-M-MOH,CMR,Cameroon,2020,14891198.18,38,2026-09-03
CMR-M-MOH,CMR,Cameroon,2021,19899166.97,81,2026-09-03
CMR-M-MOH,CMR,Cameroon,2022,57573515.88,247,2026-09-03
CMR-M-MOH,CMR,Cameroon,2023,22818750.24,72,2026-09-03
CMR-M-MOH,CMR,Cameroon,2024,14102906.17,38,2026-09-03
CMR-M-MOH,CMR,Cameroon,2025,51110162.45,156,2026-09-03
CMR-M-MOH,CMR,Cameroon,2026,8878451.09,35,2026-09-03
COD-809-G07-M,COD,Congo (Democratic Republic),2009,66872873.42,1,2026-09-03
COD-809-G07-M,COD,Congo (Democratic Republic),2012,5548421,3,2026-09-03
COD-810-G08-M,COD,Congo (Democratic Republic),2010,30026877,3,2026-09-03
COD-810-G08-M,COD,Congo (Democratic Republic),2012,7663848,1,2026-09-03
COD-M-MOH,COD,Congo (Democratic Republic),2015,14904234,3,2026-09-03
COD-M-MOH,COD,Congo (Democratic Republic),2016,7393373.16,5,2026-09-03
COD-M-MOH,COD,Congo (Democratic Republic),2017,15525658.71,8,2026-09-03
COD-M-MOH,COD,Congo (Democratic Republic),2018,15487476.89,5,2026-09-03
COD-M-MOH,COD,Congo (Democratic Republic),2019,29707566,6,2026-09-03
COD-M-MOH,COD,Congo (Democratic Republic),2020,25512522.64,8,2026-09-03
COD-M-MOH,COD,Congo (Democratic Republic),2021,9157160.08,8,2026-09-03
COD-M-MOH,COD,Congo (Democratic Republic),2022,20034191.16,18,2026-09-03
COD-M-MOH,COD,Congo (Democratic Republic),2023,15737383.52,14,2026-09-03
COD-M-MOH,COD,Congo (Democratic Republic),2024,11540926.24,10,2026-09-03
COD-M-MOH,COD,Congo (Democratic Republic),2025,10672031.38,7,2026-09-03
COD-M-MOH,COD,Congo (Democratic Republic),2026,9949744.17,2,2026-09-03
COD-M-PSI,COD,Congo (Democratic Republic),2015,76348955,3,2026-09-03
COD-M-PSI,COD,Congo (Democratic Republic),2016,42054597.73,2,2026-09-03
COD-M-PSI,COD,Congo (Democratic Republic),2017,44324601,4,2026-09-03
COD-M-PSI,COD,Congo (Democratic Republic),2018,-7482908,1,2026-09-03
COD-M-PSI,COD,Congo (Democratic Republic),2021,1572424.32,4,2026-09-03
COD-M-PSI,COD,Congo (Democratic Republic),2022,-194367.3,1,2026-09-03
COD-M-PSI-X,COD,Congo (Democratic Republic),2012,32155204,1,2026-09-03
COD-M-PSI-X,COD,Congo (Democratic Republic),2013,21345486,2,2026-09-03
COD-M-PSI-X,COD,Congo (Democratic Republic),2014,36908525.86,2,2026-09-03
COD-M-PSI-X,COD,Congo (Democratic Republic),2016,-299149.65,1,2026-09-03
COD-M-SANRU,COD,Congo (Democratic Republic),2012,47964283.13,3,2026-09-03
COD-M-SANRU,COD,Congo (Democratic Republic),2013,36861391,1,2026-09-03
COD-M-SANRU,COD,Congo (Democratic Republic),2014,39931682,1,2026-09-03
COD-M-SANRU,COD,Congo (Democratic Republic),2015,35272647,2,2026-09-03
COD-M-SANRU,COD,Congo (Democratic Republic),2016,66394225.2,7,2026-09-03
COD-M-SANRU,COD,Congo (Democratic Republic),2017,66440549.25,17,2026-09-03
COD-M-SANRU,COD,Congo (Democratic Republic),2018,71168047.84,154,2026-09-03
COD-M-SANRU,COD,Congo (Democratic Republic),2019,88241907.09,364,2026-09-03
COD-M-SANRU,COD,Congo (Democratic Republic),2020,126213302.74,420,2026-09-03
COD-M-SANRU,COD,Congo (Democratic Republic),2021,133148444.4,493,2026-09-03
COD-M-SANRU,COD,Congo (Democratic Republic),2022,186961043.66,657,2026-09-03
COD-M-SANRU,COD,Congo (Democratic Republic),2023,129838774.5,530,2026-09-03
COD-M-SANRU,COD,Congo (Democratic Republic),2024,136333337.43,427,2026-09-03
COD-M-SANRU,COD,Congo (Democratic Republic),2025,104990990.86,627,2026-09-03
COD-M-SANRU,COD,Congo (Democratic Republic),2026,72524655.76,375,2026-09-03
COG-810-G03-M,COG,Congo,2010,919484.91,1,2026-09-03
COG-810-G03-M,COG,Congo,2012,754562.12,1,2026-09-03
COG-810-G03-M,COG,Congo,2013,265080.51,3,2026-09-03
COG-810-G03-M,COG,Congo,2015,-43872.77,4,2026-09-03
COG-810-G04-M,COG,Congo,2010,10946198.28,2,2026-09-03
COG-810-G04-M,COG,Congo,2011,1252045.04,2,2026-09-03
COG-810-G04-M,COG,Congo,2012,387962.96,1,2026-09-03
COG-810-G04-M,COG,Congo,2013,470784.37,2,2026-09-03
COG-810-G04-M,COG,Congo,2015,-290660.38,1,2026-09-03
COG-M-CRS,COG,Congo,2018,1151809.25,9,2026-09-03
COG-M-CRS,COG,Congo,2019,10190858.28,28,2026-09-03
COG-M-CRS,COG,Congo,2020,5158902.54,5,2026-09-03
COG-M-CRS,COG,Congo,2021,5077624.1,26,2026-09-03
COG-M-CRS,COG,Congo,2022,17850394.12,107,2026-09-03
COG-M-CRS,COG,Congo,2023,14598457.75,47,2026-09-03
COG-M-CRS,COG,Congo,2024,12690594.27,41,2026-09-03
COG-M-CRS,COG,Congo,2025,17612662.19,82,2026-09-03
COG-M-CRS,COG,Congo,2026,4196318.81,40,2026-09-03
COL-809-G02-M,COL,Colombia,2010,5790663.85,2,2026-09-03
COL-809-G02-M,COL,Colombia,2011,3329227.69,2,2026-09-03
COL-809-G02-M,COL,Colombia,2012,3266002.28,3,2026-09-03
COL-809-G02-M,COL,Colombia,2013,3082363.32,1,2026-09-03
COL-809-G02-M,COL,Colombia,2014,1229782.54,1,2026-09-03
COL-809-G02-M,COL,Colombia,2015,-278612.33,1,2026-09-03
COL-809-G03-M,COL,Colombia,2010,5203622.49,2,2026-09-03
COL-809-G03-M,COL,Colombia,2011,1182277.43,2,2026-09-03
COL-809-G03-M,COL,Colombia,2012,103584.92,1,2026-09-03
COL-809-G03-M,COL,Colombia,2013,3655466.82,3,2026-09-03
COL-809-G03-M,COL,Colombia,2014,1679121.87,1,2026-09-03
COL-809-G03-M,COL,Colombia,2015,-453558.69,1,2026-09-03
COM-202-G01-M-00,COM,Comoros,2004,599483,1,2026-09-03
COM-202-G01-M-00,COM,Comoros,2005,455769,1,2026-09-03
COM-202-G01-M-00,COM,Comoros,2006,479379,2,2026-09-03
COM-202-G01-M-00,COM,Comoros,2007,390246,1,2026-09-03
COM-202-G01-M-00,COM,Comoros,2008,264708.77,2,2026-09-03
COM-202-G01-M-00,COM,Comoros,2009,232885,2,2026-09-03
COM-202-G01-M-00,COM,Comoros,2012,-142699.48,1,2026-09-03
COM-810-G03-M,COM,Comoros,2010,4491628.02,5,2026-09-03
COM-810-G03-M,COM,Comoros,2011,1089801.1,5,2026-09-03
COM-810-G03-M,COM,Comoros,2012,279820.97,2,2026-09-03
COM-810-G03-M,COM,Comoros,2013,3541008.12,7,2026-09-03
COM-810-G03-M,COM,Comoros,2014,1138854.83,3,2026-09-03
COM-810-G03-M,COM,Comoros,2015,90773.32,2,2026-09-03
COM-810-G03-M,COM,Comoros,2016,-4983.47,1,2026-09-03
COM-M-PNLP,COM,Comoros,2016,3720748.48,13,2026-09-03
COM-M-PNLP,COM,Comoros,2017,1019692.16,22,2026-09-03
COM-M-PNLP,COM,Comoros,2018,2703234.93,68,2026-09-03
COM-M-PNLP,COM,Comoros,2019,1508405.21,47,2026-09-03
COM-M-PNLP,COM,Comoros,2020,1927026.32,27,2026-09-03
COM-M-PNLP,COM,Comoros,2021,1256457.27,21,2026-09-03
COM-M-PNLP,COM,Comoros,2022,2160398.99,29,2026-09-03
COM-M-PNLP,COM,Comoros,2023,2014576.5,35,2026-09-03
COM-M-PNLP,COM,Comoros,2024,2516274.6,34,2026-09-03
COM-M-PNLP,COM,Comoros,2025,452851.89,20,2026-09-03
COM-M-PNLP,COM,Comoros,2026,1719684.43,19,2026-09-03
CPV-011-G03-M,CPV,Cabo Verde,2012,373385.41,1,2026-09-03
CPV-011-G03-M,CPV,Cabo Verde,2013,892642.47,2,2026-09-03
CPV-011-G03-M,CPV,Cabo Verde,2017,-30796.26,1,2026-09-03
CPV-M-CCSSIDA,CPV,Cabo Verde,2015,620830.79,1,2026-09-03
CPV-M-CCSSIDA,CPV,Cabo Verde,2016,39008.99,8,2026-09-03
CPV-M-CCSSIDA,CPV,Cabo Verde,2017,320058.65,3,2026-09-03
CPV-M-CCSSIDA,CPV,Cabo Verde,2018,-21242.95,1,2026-09-03
DJB-607-G02-M,DJI,Djibouti,2007,1218232,1,2026-09-03
DJB-607-G02-M,DJI,Djibouti,2008,1244751.89,4,2026-09-03
DJB-607-G02-M,DJI,Djibouti,2009,148961.11,2,2026-09-03
DJB-607-G02-M,DJI,Djibouti,2010,146471,1,2026-09-03
DJB-607-G02-M,DJI,Djibouti,2011,112748,4,2026-09-03
DJB-607-G02-M,DJI,Djibouti,2012,44923,1,2026-09-03
DJB-607-G02-M,DJI,Djibouti,2015,-283944.18,2,2026-09-03
DJB-607-G02-M,DJI,Djibouti,2017,-1767.4,1,2026-09-03
DJB-607-G02-M,DJI,Djibouti,2018,-24058,1,2026-09-03
DJI-M-UNDP,DJI,Djibouti,2016,4547153,2,2026-09-03
DJI-M-UNDP,DJI,Djibouti,2017,2561186,2,2026-09-03
DJI-M-UNDP,DJI,Djibouti,2018,676278,1,2026-09-03
DJI-M-UNDP,DJI,Djibouti,2019,1055614.29,3,2026-09-03
DJI-M-UNDP,DJI,Djibouti,2020,1085106.61,3,2026-09-03
DOM-809-G05-M,DOM,Dominican Republic,2009,300504,1,2026-09-03
DOM-809-G05-M,DOM,Dominican Republic,2010,768293.11,3,2026-09-03
DOM-809-G05-M,DOM,Dominican Republic,2011,571445,3,2026-09-03
DOM-809-G05-M,DOM,Dominican Republic,2012,429626.88,2,2026-09-03
DOM-809-G05-M,DOM,Dominican Republic,2013,438011.31,4,2026-09-03
DOM-809-G06-M,DOM,Dominican Republic,2009,1095844,1,2026-09-03
DOM-809-G06-M,DOM,Dominican Republic,2010,439190,2,2026-09-03
DOM-809-G06-M,DOM,Dominican Republic,2011,852142.48,3,2026-09-03
DOM-809-G06-M,DOM,Dominican Republic,2012,1046089,3,2026-09-03
DOM-809-G06-M,DOM,Dominican Republic,2013,711525,3,2026-09-03
DOM-809-G06-M,DOM,Dominican Republic,2014,514690.5,1,2026-09-03
DOM-809-G06-M,DOM,Dominican Republic,2015,-23671.74,1,2026-09-03
ECU-809-G04-M,ECU,Ecuador,2010,1081653,2,2026-09-03
ECU-809-G04-M,ECU,Ecuador,2012,197812,1,2026-09-03
ECU-809-G04-M,ECU,Ecuador,2013,115253,1,2026-09-03
ECU-809-G04-M,ECU,Ecuador,2014,608148,4,2026-09-03
ECU-809-G04-M,ECU,Ecuador,2017,-584983.01,2,2026-09-03
ECU-809-G05-M,ECU,Ecuador,2010,1619388,3,2026-09-03
ECU-809-G05-M,ECU,Ecuador,2011,1939571,2,2026-09-03
ECU-809-G05-M,ECU,Ecuador,2012,1492345,2,2026-09-03
ECU-809-G05-M,ECU,Ecuador,2013,995345,1,2026-09-03
ECU-809-G05-M,ECU,Ecuador,2014,394096,2,2026-09-03
ERI-202-G01-M-00,ERI,Eritrea,2003,324063,1,2026-09-03
ERI-202-G01-M-00,ERI,Eritrea,2004,756152,1,2026-09-03
ERI-202-G01-M-00,ERI,Eritrea,2005,1537418,2,2026-09-03
ERI-202-G01-M-00,ERI,Eritrea,2006,1140635,1,2026-09-03
ERI-202-G01-M-00,ERI,Eritrea,2007,2125501,2,2026-09-03
ERI-202-G01-M-00,ERI,Eritrea,2008,1350114,1,2026-09-03
ERI-202-G01-M-00,ERI,Eritrea,2010,-43946.14,1,2026-09-03
ERI-607-G05-M,ERI,Eritrea,2007,1011501,1,2026-09-03
ERI-607-G05-M,ERI,Eritrea,2008,3404604,1,2026-09-03
ERI-607-G05-M,ERI,Eritrea,2009,206600,1,2026-09-03
ERI-607-G05-M,ERI,Eritrea,2010,3604303,2,2026-09-03
ERI-607-G05-M,ERI,Eritrea,2011,1465758,3,2026-09-03
ERI-607-G05-M,ERI,Eritrea,2012,2096087,1,2026-09-03
ERI-607-G05-M,ERI,Eritrea,2013,-735679.77,1,2026-09-03
ERI-910-G07-M,ERI,Eritrea,2010,17821919,2,2026-09-03
ERI-910-G07-M,ERI,Eritrea,2011,3442348,1,2026-09-03
ERI-910-G07-M,ERI,Eritrea,2012,6132963,2,2026-09-03
ERI-910-G07-M,ERI,Eritrea,2013,15195781,3,2026-09-03
ERI-910-G07-M,ERI,Eritrea,2014,6797703,2,2026-09-03
ERI-M-MOH,ERI,Eritrea,2015,7287106,3,2026-09-03
ERI-M-MOH,ERI,Eritrea,2016,6627263,3,2026-09-03
ERI-M-MOH,ERI,Eritrea,2017,13007753.39,3,2026-09-03
ERI-M-MOH,ERI,Eritrea,2018,4791899.41,6,2026-09-03
ERI-M-MOH,ERI,Eritrea,2019,8942829.6,4,2026-09-03
ERI-M-MOH,ERI,Eritrea,2020,4464198.85,10,2026-09-03
ERI-M-MOH,ERI,Eritrea,2021,4210626.21,11,2026-09-03
ERI-M-MOH,ERI,Eritrea,2022,6538111.76,32,2026-09-03
ERI-M-MOH,ERI,Eritrea,2023,12446596.31,47,2026-09-03
ERI-M-MOH,ERI,Eritrea,2024,2636689.75,10,2026-09-03
ERI-M-MOH,ERI,Eritrea,2025,3268044,4,2026-09-03
ERI-M-MOH,ERI,Eritrea,2026,765168.94,3,2026-09-03
ETH-202-G02-M-00,ETH,Ethiopia,2003,17891589,1,2026-09-03
ETH-202-G02-M-00,ETH,Ethiopia,2005,20023422,2,2026-09-03
ETH-202-G02-M-00,ETH,Ethiopia,2006,32684846,2,2026-09-03
ETH-202-G02-M-00,ETH,Ethiopia,2009,3275354,2,2026-09-03
ETH-202-G02-M-00,ETH,Ethiopia,2014,-87400,1,2026-09-03
ETH-202-G02-M-00,ETH,Ethiopia,2015,-9720.28,1,2026-09-03
ETH-506-G05-M,ETH,Ethiopia,2006,37389954.04,2,2026-09-03
ETH-506-G05-M,ETH,Ethiopia,2007,17480252,3,2026-09-03
ETH-506-G05-M,ETH,Ethiopia,2008,3138583.06,1,2026-09-03
ETH-506-G05-M,ETH,Ethiopia,2009,46027792,3,2026-09-03
ETH-506-G05-M,ETH,Ethiopia,2010,28254185.44,2,2026-09-03
ETH-506-G05-M,ETH,Ethiopia,2015,-292774.66,1,2026-09-03
ETH-809-G10-M,ETH,Ethiopia,2009,72178615,2,2026-09-03
ETH-809-G10-M,ETH,Ethiopia,2011,51910538,3,2026-09-03
ETH-809-G10-M,ETH,Ethiopia,2012,23762673,2,2026-09-03
ETH-809-G10-M,ETH,Ethiopia,2013,113143096,4,2026-09-03
ETH-809-G10-M,ETH,Ethiopia,2014,9977872,1,2026-09-03
ETH-809-G10-M,ETH,Ethiopia,2015,18448416,2,2026-09-03
ETH-809-G10-M,ETH,Ethiopia,2017,-50423.12,2,2026-09-03
ETH-M-FMOH,ETH,Ethiopia,2015,18239379,1,2026-09-03
ETH-M-FMOH,ETH,Ethiopia,2016,25249808,2,2026-09-03
ETH-M-FMOH,ETH,Ethiopia,2017,72098346.48,8,2026-09-03
ETH-M-FMOH,ETH,Ethiopia,2018,36485375.92,6,2026-09-03
ETH-M-FMOH,ETH,Ethiopia,2019,26083563.35,4,2026-09-03
ETH-M-FMOH,ETH,Ethiopia,2020,14562592.04,4,2026-09-03
ETH-M-FMOH,ETH,Ethiopia,2021,23136736.67,36,2026-09-03
ETH-M-FMOH,ETH,Ethiopia,2022,50436763.21,95,2026-09-03
ETH-M-FMOH,ETH,Ethiopia,2023,36918590.64,131,2026-09-03
ETH-M-FMOH,ETH,Ethiopia,2024,19937558.35,8,2026-09-03
ETH-M-FMOH,ETH,Ethiopia,2025,55484623.91,77,2026-09-03
ETH-M-FMOH,ETH,Ethiopia,2026,16685384.28,14,2026-09-03
ETH-M-UNICEF,ETH,Ethiopia,2019,585334,1,2026-09-03
ETH-M-UNICEF,ETH,Ethiopia,2020,25000,1,2026-09-03
ETH-M-UNICEF,ETH,Ethiopia,2022,-8986.78,1,2026-09-03
GAB-404-G02-M,GAB,Gabon,2004,1224253,1,2026-09-03
GAB-404-G02-M,GAB,Gabon,2005,3091210,2,2026-09-03
GAB-404-G02-M,GAB,Gabon,2006,2210366,3,2026-09-03
GAB-404-G02-M,GAB,Gabon,2007,2090493,2,2026-09-03
GAB-404-G02-M,GAB,Gabon,2012,-127166,1,2026-09-03
GAB-404-G02-M,GAB,Gabon,2013,-42.04,1,2026-09-03
GAB-404-G02-M,GAB,Gabon,2014,-12154.03,1,2026-09-03
GAB-506-G03-M,GAB,Gabon,2006,2030671.23,1,2026-09-03
GAB-506-G03-M,GAB,Gabon,2007,991830.2,2,2026-09-03
GAB-506-G03-M,GAB,Gabon,2008,1212014.11,3,2026-09-03
GAB-506-G03-M,GAB,Gabon,2012,-148655.15,1,2026-09-03
GAB-506-G03-M,GAB,Gabon,2013,-75.82,1,2026-09-03
GAB-506-G03-M,GAB,Gabon,2014,-19286.05,1,2026-09-03
GAB-509-G04-M,GAB,Gabon,2009,3608258.21,4,2026-09-03
GAB-509-G04-M,GAB,Gabon,2010,860628.82,2,2026-09-03
GAB-509-G04-M,GAB,Gabon,2014,-125070.23,1,2026-09-03
GAB-509-G04-M,GAB,Gabon,2015,-377211.3,1,2026-09-03
GAB-509-G04-M,GAB,Gabon,2016,-661.58,1,2026-09-03
GAB-509-G04-M,GAB,Gabon,2020,-27120.14,1,2026-09-03
GEO-304-G02-M,GEO,Georgia,2004,360950,1,2026-09-03
GEO-304-G02-M,GEO,Georgia,2005,284750,2,2026-09-03
GEO-304-G02-M,GEO,Georgia,2006,160600,1,2026-09-03
GEO-607-G04-M,GEO,Georgia,2007,882530,1,2026-09-03
GEO-607-G04-M,GEO,Georgia,2008,705430,1,2026-09-03
GEO-607-G04-M,GEO,Georgia,2010,713331,2,2026-09-03
GEO-607-G04-M,GEO,Georgia,2011,-126076.54,1,2026-09-03
GEO-611-G09-M,GEO,Georgia,2011,301488,1,2026-09-03
GEO-611-G09-M,GEO,Georgia,2012,268448,1,2026-09-03
GEO-611-G09-M,GEO,Georgia,2013,-50740.66,1,2026-09-03
GHA-202-G03-M-00,GHA,Ghana,2003,886150,1,2026-09-03
GHA-202-G03-M-00,GHA,Ghana,2004,2034960,2,2026-09-03
GHA-202-G03-M-00,GHA,Ghana,2005,3081214.68,3,2026-09-03
GHA-202-G03-M-00,GHA,Ghana,2006,575332.9,3,2026-09-03
GHA-202-G03-M-00,GHA,Ghana,2007,2151816.4,5,2026-09-03
GHA-202-G03-M-00,GHA,Ghana,2008,120017,1,2026-09-03
GHA-405-G04-M,GHA,Ghana,2005,12289282,4,2026-09-03
GHA-405-G04-M,GHA,Ghana,2006,4602127.72,2,2026-09-03
GHA-405-G04-M,GHA,Ghana,2007,11571408.62,6,2026-09-03
GHA-405-G04-M,GHA,Ghana,2008,10424962.66,5,2026-09-03
GHA-405-G04-M,GHA,Ghana,2009,18363179.52,1,2026-09-03
GHA-405-G04-M,GHA,Ghana,2010,30649705,1,2026-09-03
GHA-405-G04-M,GHA,Ghana,2017,-101339.19,1,2026-09-03
GHA-809-G07-M,GHA,Ghana,2009,2288504,1,2026-09-03
GHA-809-G08-M,GHA,Ghana,2009,6395068,1,2026-09-03
GHA-809-G08-M,GHA,Ghana,2012,9768883,2,2026-09-03
GHA-809-G08-M,GHA,Ghana,2013,35986993,2,2026-09-03
GHA-809-G08-M,GHA,Ghana,2014,2617414,1,2026-09-03
GHA-M-AGAMal,GHA,Ghana,2015,6719929,1,2026-09-03
GHA-M-AGAMal,GHA,Ghana,2016,3994226,3,2026-09-03
GHA-M-AGAMal,GHA,Ghana,2017,6432971,3,2026-09-03
GHA-M-AGAMal,GHA,Ghana,2018,6736845.32,5,2026-09-03
GHA-M-AGAMal,GHA,Ghana,2019,7105579.1,3,2026-09-03
GHA-M-AGAMal,GHA,Ghana,2020,7840309,3,2026-09-03
GHA-M-AGAMal,GHA,Ghana,2021,6565287.66,5,2026-09-03
GHA-M-AGAMal,GHA,Ghana,2022,7051029.16,3,2026-09-03
GHA-M-AGAMal,GHA,Ghana,2023,8728401.18,4,2026-09-03
GHA-M-AGAMal,GHA,Ghana,2024,11033881.71,3,2026-09-03
GHA-M-AGAMal,GHA,Ghana,2025,3393833,4,2026-09-03
GHA-M-AGAMal,GHA,Ghana,2026,6769065.08,3,2026-09-03
GHA-M-MOH,GHA,Ghana,2012,14820188.89,2,2026-09-03
GHA-M-MOH,GHA,Ghana,2013,31815363.68,3,2026-09-03
GHA-M-MOH,GHA,Ghana,2014,12223521.11,27,2026-09-03
GHA-M-MOH,GHA,Ghana,2015,41849199.29,57,2026-09-03
GHA-M-MOH,GHA,Ghana,2016,33681365.13,61,2026-09-03
GHA-M-MOH,GHA,Ghana,2017,33602478.52,65,2026-09-03
GHA-M-MOH,GHA,Ghana,2018,37427776.87,99,2026-09-03
GHA-M-MOH,GHA,Ghana,2019,28665872.87,68,2026-09-03
GHA-M-MOH,GHA,Ghana,2020,28599355.51,116,2026-09-03
GHA-M-MOH,GHA,Ghana,2021,51263312.31,137,2026-09-03
GHA-M-MOH,GHA,Ghana,2022,32938126.52,59,2026-09-03
GHA-M-MOH,GHA,Ghana,2023,51259964.01,157,2026-09-03
GHA-M-MOH,GHA,Ghana,2024,34038054.07,49,2026-09-03
GHA-M-MOH,GHA,Ghana,2025,24581488.26,69,2026-09-03
GHA-M-MOH,GHA,Ghana,2026,13804779.6,56,2026-09-03
GIN-202-G02-M-00,GIN,Guinea,2003,177112,1,2026-09-03
GIN-202-G02-M-00,GIN,Guinea,2004,1220982.58,2,2026-09-03
GIN-202-G02-M-00,GIN,Guinea,2005,3406208,2,2026-09-03
GIN-202-G02-M-00,GIN,Guinea,2006,-2225574.43,1,2026-09-03
GIN-202-G02-M-00,GIN,Guinea,2007,1971780.57,2,2026-09-03
GIN-202-G02-M-00,GIN,Guinea,2008,574952,1,2026-09-03
GIN-202-G02-M-00,GIN,Guinea,2010,882603.6,1,2026-09-03
GIN-607-G05-M,GIN,Guinea,2007,861693.31,1,2026-09-03
GIN-607-G05-M,GIN,Guinea,2008,427639.8,1,2026-09-03
GIN-607-G05-M,GIN,Guinea,2010,11566799.47,5,2026-09-03
GIN-M-CRS,GIN,Guinea,2012,18407129,2,2026-09-03
GIN-M-CRS,GIN,Guinea,2013,4603535,2,2026-09-03
GIN-M-CRS,GIN,Guinea,2014,9144353,6,2026-09-03
GIN-M-CRS,GIN,Guinea,2015,11211983.43,4,2026-09-03
GIN-M-CRS,GIN,Guinea,2016,27985091.3,11,2026-09-03
GIN-M-CRS,GIN,Guinea,2017,14087689.39,19,2026-09-03
GIN-M-CRS,GIN,Guinea,2018,12534175.85,23,2026-09-03
GIN-M-CRS,GIN,Guinea,2019,28982984.72,21,2026-09-03
GIN-M-CRS,GIN,Guinea,2020,15885246.97,26,2026-09-03
GIN-M-CRS,GIN,Guinea,2021,38261447.31,30,2026-09-03
GIN-M-CRS,GIN,Guinea,2022,24710638.24,43,2026-09-03
GIN-M-CRS,GIN,Guinea,2023,23130272.59,33,2026-09-03
GIN-M-CRS,GIN,Guinea,2024,32916061.5,71,2026-09-03
GIN-M-CRS,GIN,Guinea,2025,21883394.55,97,2026-09-03
GIN-M-CRS,GIN,Guinea,2026,12336947.95,16,2026-09-03
GIN-M-PNLP,GIN,Guinea,2012,1705408,3,2026-09-03
GIN-M-PNLP,GIN,Guinea,2015,-95090.77,1,2026-09-03
GMB-304-G02-M,GMB,Gambia,2004,1456473,1,2026-09-03
GMB-304-G02-M,GMB,Gambia,2005,3772423,3,2026-09-03
GMB-304-G02-M,GMB,Gambia,2006,2521318.87,3,2026-09-03
GMB-304-G02-M,GMB,Gambia,2007,2638918.91,2,2026-09-03
GMB-304-G02-M,GMB,Gambia,2008,1946009.4,3,2026-09-03
GMB-304-G02-M,GMB,Gambia,2009,2459560.82,2,2026-09-03
GMB-607-G04-M,GMB,Gambia,2007,4164818,1,2026-09-03
GMB-607-G04-M,GMB,Gambia,2008,3737464.09,3,2026-09-03
GMB-607-G04-M,GMB,Gambia,2009,3461985.2,4,2026-09-03
GMB-607-G04-M,GMB,Gambia,2010,220925.68,1,2026-09-03
GMB-M-CRS,GMB,Gambia,2010,2068682,1,2026-09-03
GMB-M-CRS,GMB,Gambia,2011,1602467,2,2026-09-03
GMB-M-CRS,GMB,Gambia,2012,1032277,2,2026-09-03
GMB-M-CRS,GMB,Gambia,2013,929807,1,2026-09-03
GMB-M-CRS,GMB,Gambia,2014,1495478,2,2026-09-03
GMB-M-CRS,GMB,Gambia,2015,722389,1,2026-09-03
GMB-M-CRS,GMB,Gambia,2016,356537,2,2026-09-03
GMB-M-CRS,GMB,Gambia,2017,2891263.05,3,2026-09-03
GMB-M-CRS,GMB,Gambia,2018,654356,2,2026-09-03
GMB-M-CRS,GMB,Gambia,2020,-139237.95,1,2026-09-03
GMB-M-MOH,GMB,Gambia,2010,6670493.06,1,2026-09-03
GMB-M-MOH,GMB,Gambia,2011,5517513.64,1,2026-09-03
GMB-M-MOH,GMB,Gambia,2012,4360956,2,2026-09-03
GMB-M-MOH,GMB,Gambia,2013,8359038.45,3,2026-09-03
GMB-M-MOH,GMB,Gambia,2014,2639472.9,3,2026-09-03
GMB-M-MOH,GMB,Gambia,2015,2847997.36,11,2026-09-03
GMB-M-MOH,GMB,Gambia,2016,2686791.88,15,2026-09-03
GMB-M-MOH,GMB,Gambia,2017,7282817.49,43,2026-09-03
GMB-M-MOH,GMB,Gambia,2018,7334530.01,43,2026-09-03
GMB-M-MOH,GMB,Gambia,2019,3412031.99,31,2026-09-03
GMB-M-MOH,GMB,Gambia,2020,5755696.19,24,2026-09-03
GMB-M-MOH,GMB,Gambia,2021,12725069.23,107,2026-09-03
GMB-M-MOH,GMB,Gambia,2022,9847590.72,94,2026-09-03
GMB-M-MOH,GMB,Gambia,2023,6422247.12,58,2026-09-03
GMB-M-MOH,GMB,Gambia,2024,13369750.25,64,2026-09-03
GMB-M-MOH,GMB,Gambia,2025,8879787.82,51,2026-09-03
GMB-M-MOH,GMB,Gambia,2026,1843164.43,26,2026-09-03
GNB-404-G03-M,GNB,Guinea-Bissau,2004,192906,1,2026-09-03
GNB-404-G03-M,GNB,Guinea-Bissau,2005,1076489,1,2026-09-03
GNB-404-G03-M,GNB,Guinea-Bissau,2006,200000,1,2026-09-03
GNB-404-G03-M,GNB,Guinea-Bissau,2007,409332.2,2,2026-09-03
GNB-404-G03-M,GNB,Guinea-Bissau,2008,241602,1,2026-09-03
GNB-404-G03-M,GNB,Guinea-Bissau,2012,-19397.75,1,2026-09-03
GNB-404-G03-M,GNB,Guinea-Bissau,2013,-224.63,1,2026-09-03
GNB-409-G08-M,GNB,Guinea-Bissau,2009,521948,1,2026-09-03
GNB-409-G08-M,GNB,Guinea-Bissau,2010,77385,1,2026-09-03
GNB-409-G08-M,GNB,Guinea-Bissau,2013,-5859.18,1,2026-09-03
GNB-607-G04-M,GNB,Guinea-Bissau,2007,267735.25,1,2026-09-03
GNB-607-G04-M,GNB,Guinea-Bissau,2008,1284458,2,2026-09-03
GNB-607-G04-M,GNB,Guinea-Bissau,2009,1122885.47,2,2026-09-03
GNB-607-G04-M,GNB,Guinea-Bissau,2010,459162,1,2026-09-03
GNB-M-MOH,GNB,Guinea-Bissau,2010,6623886.68,1,2026-09-03
GNB-M-MOH,GNB,Guinea-Bissau,2011,2905992.07,4,2026-09-03
GNB-M-MOH,GNB,Guinea-Bissau,2012,287909.53,2,2026-09-03
GNB-M-MOH,GNB,Guinea-Bissau,2013,950853.52,6,2026-09-03
GNB-M-MOH,GNB,Guinea-Bissau,2015,-186982.33,2,2026-09-03
GNB-M-MOH,GNB,Guinea-Bissau,2016,-243320.34,2,2026-09-03
GNB-M-UNDP,GNB,Guinea-Bissau,2013,6375718.48,1,2026-09-03
GNB-M-UNDP,GNB,Guinea-Bissau,2014,2363296.48,1,2026-09-03
GNB-M-UNDP,GNB,Guinea-Bissau,2015,3204274.83,2,2026-09-03
GNB-M-UNDP,GNB,Guinea-Bissau,2016,10775142.45,1,2026-09-03
GNB-M-UNDP,GNB,Guinea-Bissau,2017,8235075.86,2,2026-09-03
GNB-M-UNDP,GNB,Guinea-Bissau,2018,7173351.49,3,2026-09-03
GNB-M-UNDP,GNB,Guinea-Bissau,2019,4823839.56,4,2026-09-03
GNB-M-UNDP,GNB,Guinea-Bissau,2020,20104830.91,7,2026-09-03
GNB-M-UNDP,GNB,Guinea-Bissau,2021,2410408.65,1,2026-09-03
GNB-M-UNDP,GNB,Guinea-Bissau,2022,5208589.86,2,2026-09-03
GNB-M-UNDP,GNB,Guinea-Bissau,2023,21337754.77,8,2026-09-03
GNB-M-UNDP,GNB,Guinea-Bissau,2024,4038433.13,2,2026-09-03
GNB-M-UNDP,GNB,Guinea-Bissau,2025,5528551.61,5,2026-09-03
GNB-M-UNDP,GNB,Guinea-Bissau,2026,1766411.15,2,2026-09-03
GNQ-506-G02-M,GNQ,Equatorial Guinea,2006,3483905,1,2026-09-03
GNQ-506-G02-M,GNQ,Equatorial Guinea,2007,1799583,2,2026-09-03
GNQ-506-G02-M,GNQ,Equatorial Guinea,2008,6305880.87,4,2026-09-03
GNQ-506-G02-M,GNQ,Equatorial Guinea,2009,3445774.15,4,2026-09-03
GNQ-506-G02-M,GNQ,Equatorial Guinea,2010,5371664.18,3,2026-09-03
GNQ-506-G02-M,GNQ,Equatorial Guinea,2011,2599520.05,1,2026-09-03
GNQ-506-G02-M,GNQ,Equatorial Guinea,2012,-307863.54,1,2026-09-03
GNQ-506-G02-M,GNQ,Equatorial Guinea,2014,-138121.05,1,2026-09-03
GNQ-506-G02-M,GNQ,Equatorial Guinea,2015,-136534.41,1,2026-09-03
GNQ-506-G02-M,GNQ,Equatorial Guinea,2019,-218638.38,1,2026-09-03
GTM-405-G02-M,GTM,Guatemala,2005,2710226,2,2026-09-03
GTM-405-G02-M,GTM,Guatemala,2006,4597397.2,5,2026-09-03
GTM-405-G02-M,GTM,Guatemala,2007,1393228,2,2026-09-03
GTM-405-G02-M,GTM,Guatemala,2008,3325400,3,2026-09-03
GTM-405-G02-M,GTM,Guatemala,2009,1343648,2,2026-09-03
GTM-405-G02-M,GTM,Guatemala,2010,-498947,2,2026-09-03
GTM-405-G02-M,GTM,Guatemala,2011,-117351.73,1,2026-09-03
GTM-M-IDB,GTM,Guatemala,2022,3763026,1,2026-09-03
GTM-M-IDB,GTM,Guatemala,2026,-1879504,1,2026-09-03
GTM-M-MSPAS,GTM,Guatemala,2011,9034748,4,2026-09-03
GTM-M-MSPAS,GTM,Guatemala,2012,2821516,2,2026-09-03
GTM-M-MSPAS,GTM,Guatemala,2013,-2089393.43,1,2026-09-03
GTM-M-MSPAS,GTM,Guatemala,2014,4388420.21,10,2026-09-03
GTM-M-MSPAS,GTM,Guatemala,2015,4781163.18,16,2026-09-03
GTM-M-MSPAS,GTM,Guatemala,2016,1784459.88,14,2026-09-03
GTM-M-MSPAS,GTM,Guatemala,2017,2245758.33,19,2026-09-03
GTM-M-MSPAS,GTM,Guatemala,2018,2190727.97,40,2026-09-03
GTM-M-MSPAS,GTM,Guatemala,2019,619705.41,3,2026-09-03
GTM-M-MSPAS,GTM,Guatemala,2020,2824176.79,30,2026-09-03
GTM-M-MSPAS,GTM,Guatemala,2021,1454733.21,22,2026-09-03
GTM-M-MSPAS,GTM,Guatemala,2022,-544875.07,9,2026-09-03
GTM-M-MSPAS,GTM,Guatemala,2025,788123,1,2026-09-03
GTM-M-MSPAS,GTM,Guatemala,2026,407028.01,2,2026-09-03
GUY-304-G02-M,GUY,Guyana,2005,926765,2,2026-09-03
GUY-304-G02-M,GUY,Guyana,2007,346454,1,2026-09-03
GUY-304-G02-M,GUY,Guyana,2008,141763,2,2026-09-03
GUY-304-G02-M,GUY,Guyana,2009,485249,3,2026-09-03
GUY-304-G02-M,GUY,Guyana,2010,573069.81,3,2026-09-03
GUY-708-G04-M,GUY,Guyana,2009,843861.46,1,2026-09-03
GUY-708-G04-M,GUY,Guyana,2011,364055,2,2026-09-03
GUY-M-MOH,GUY,Guyana,2011,248297,1,2026-09-03
GUY-M-MOH,GUY,Guyana,2012,425717,2,2026-09-03
GUY-M-MOH,GUY,Guyana,2013,379266,1,2026-09-03
GUY-M-MOH,GUY,Guyana,2017,744595.79,9,2026-09-03
GUY-M-MOH,GUY,Guyana,2018,58420.77,6,2026-09-03
GUY-M-MOH,GUY,Guyana,2019,75693.33,3,2026-09-03
GUY-M-MOH,GUY,Guyana,2020,298748.1,10,2026-09-03
GUY-M-MOH,GUY,Guyana,2021,1508692.24,28,2026-09-03
GUY-M-MOH,GUY,Guyana,2022,873060.48,11,2026-09-03
GUY-M-MOH,GUY,Guyana,2023,937172.87,18,2026-09-03
GUY-M-MOH,GUY,Guyana,2024,-3328.25,2,2026-09-03
GUY-M-MOH,GUY,Guyana,2025,694999.5,1,2026-09-03
GUY-M-MOH,GUY,Guyana,2026,42795.01,1,2026-09-03
HND-102-G03-M-00,HND,Honduras,2003,439396,3,2026-09-03
HND-102-G03-M-00,HND,Honduras,2004,2603713,2,2026-09-03
HND-102-G03-M-00,HND,Honduras,2005,1748517,2,2026-09-03
HND-102-G03-M-00,HND,Honduras,2006,750972,2,2026-09-03
HND-102-G03-M-00,HND,Honduras,2007,1415404.48,2,2026-09-03
HND-102-G03-M-00,HND,Honduras,2008,242162,1,2026-09-03
HND-102-G03-M-00,HND,Honduras,2009,-72541.32,1,2026-09-03
HND-102-G05-M-00,HND,Honduras,2008,726096,2,2026-09-03
HND-102-G05-M-00,HND,Honduras,2009,1028955,3,2026-09-03
HND-102-G05-M-00,HND,Honduras,2010,1425919.92,5,2026-09-03
HND-102-G05-M-00,HND,Honduras,2011,572710.91,6,2026-09-03
HND-102-G05-M-00,HND,Honduras,2012,1288990.29,6,2026-09-03
HND-102-G05-M-00,HND,Honduras,2013,954630.79,5,2026-09-03
HND-102-G05-M-00,HND,Honduras,2014,967393.36,5,2026-09-03
HND-102-G05-M-00,HND,Honduras,2017,-400346.92,1,2026-09-03
HND-M-CHF,HND,Honduras,2015,3305959.39,14,2026-09-03
HND-M-CHF,HND,Honduras,2016,1178066.14,14,2026-09-03
HND-M-CHF,HND,Honduras,2017,1604531.79,12,2026-09-03
HND-M-CHF,HND,Honduras,2018,1115139.49,34,2026-09-03
HND-M-CHF,HND,Honduras,2019,1544876.17,35,2026-09-03
HND-M-CHF,HND,Honduras,2020,1936518.07,31,2026-09-03
HND-M-CHF,HND,Honduras,2021,683330.67,22,2026-09-03
HND-M-CHF,HND,Honduras,2022,717074.58,20,2026-09-03
HND-M-CHF,HND,Honduras,2023,2261983.01,32,2026-09-03
HND-M-CHF,HND,Honduras,2024,46836.24,9,2026-09-03
HND-M-CHF,HND,Honduras,2025,731485.4,14,2026-09-03
HND-M-CHF,HND,Honduras,2026,623945.15,8,2026-09-03
HTI-304-G03-M,HTI,Haiti,2004,2643772,1,2026-09-03
HTI-304-G03-M,HTI,Haiti,2005,267081,1,2026-09-03
HTI-304-G03-M,HTI,Haiti,2006,3633293,3,2026-09-03
HTI-304-G03-M,HTI,Haiti,2007,2764914,3,2026-09-03
HTI-304-G03-M,HTI,Haiti,2008,3322683.79,3,2026-09-03
HTI-304-G03-M,HTI,Haiti,2009,1000764,1,2026-09-03
HTI-304-G03-M,HTI,Haiti,2010,-756967.79,4,2026-09-03
HTI-304-G03-M,HTI,Haiti,2011,-30000,1,2026-09-03
HTI-811-G07-M,HTI,Haiti,2011,18414516,1,2026-09-03
HTI-811-G07-M,HTI,Haiti,2012,4516089,4,2026-09-03
HTI-811-G07-M,HTI,Haiti,2013,3902655,2,2026-09-03
HTI-811-G07-M,HTI,Haiti,2014,4531760,3,2026-09-03
HTI-811-G07-M,HTI,Haiti,2015,4518050,4,2026-09-03
HTI-M-PSI,HTI,Haiti,2016,6152134,3,2026-09-03
HTI-M-PSI,HTI,Haiti,2017,10431775,4,2026-09-03
HTI-M-PSI,HTI,Haiti,2018,5481055,4,2026-09-03
HTI-M-PSI,HTI,Haiti,2019,6038170,6,2026-09-03
HTI-M-PSI,HTI,Haiti,2020,7712154,3,2026-09-03
HTI-M-PSI,HTI,Haiti,2021,1326255,1,2026-09-03
HTI-M-PSI,HTI,Haiti,2023,-889774,2,2026-09-03
HTI-M-UNDP,HTI,Haiti,2021,6658058.68,4,2026-09-03
HTI-M-UNDP,HTI,Haiti,2022,18273305.51,5,2026-09-03
HTI-M-UNDP,HTI,Haiti,2023,8072948.02,3,2026-09-03
HTI-M-UNDP,HTI,Haiti,2024,12210776.29,7,2026-09-03
HTI-M-UNDP,HTI,Haiti,2025,8846096,10,2026-09-03
HTI-M-UNDP,HTI,Haiti,2026,5629529.87,4,2026-09-03
IDA-405-G07-M,IND,India,2005,856717,1,2026-09-03
IDA-405-G07-M,IND,India,2006,12562309,1,2026-09-03
IDA-405-G07-M,IND,India,2008,34286405,2,2026-09-03
IDA-405-G07-M,IND,India,2010,8519368,1,2026-09-03
IDA-910-G22-M,IND,India,2011,3260689,2,2026-09-03
IDA-910-G22-M,IND,India,2012,1164547,1,2026-09-03
IDA-910-G22-M,IND,India,2013,1677584,1,2026-09-03
IDA-910-G22-M,IND,India,2014,1626816,3,2026-09-03
IDA-910-G22-M,IND,India,2015,946345,1,2026-09-03
IDA-911-G23-M,IND,India,2012,10292519,1,2026-09-03
IDA-911-G23-M,IND,India,2013,5496472.96,2,2026-09-03
IDA-911-G23-M,IND,India,2014,2855126,1,2026-09-03
IDA-911-G23-M,IND,India,2015,1971726,2,2026-09-03
IDA-M-CARITAS,IND,India,2015,2332578,1,2026-09-03
IDA-M-CARITAS,IND,India,2016,1742264,2,2026-09-03
IDA-M-CARITAS,IND,India,2017,1730348,3,2026-09-03
IDA-M-CARITAS,IND,India,2018,273062.27,1,2026-09-03
IDA-M-CARITAS,IND,India,2019,-117068.01,1,2026-09-03
IDN-102-G02-M-00,IDN,Indonesia,2003,1435987,1,2026-09-03
IDN-102-G02-M-00,IDN,Indonesia,2004,4556562,1,2026-09-03
IDN-102-G02-M-00,IDN,Indonesia,2005,5762398,4,2026-09-03
IDN-102-G02-M-00,IDN,Indonesia,2006,3655691.69,1,2026-09-03
IDN-102-G02-M-00,IDN,Indonesia,2007,2079182.44,2,2026-09-03
IDN-102-G02-M-00,IDN,Indonesia,2008,3741326.68,2,2026-09-03
IDN-102-G02-M-00,IDN,Indonesia,2009,-1507276.41,1,2026-09-03
IDN-607-G06-M,IDN,Indonesia,2008,17100276.26,3,2026-09-03
IDN-607-G06-M,IDN,Indonesia,2009,7499634.89,3,2026-09-03
IDN-607-G06-M,IDN,Indonesia,2010,15540520,6,2026-09-03
IDN-607-G06-M,IDN,Indonesia,2011,6488755.19,3,2026-09-03
IDN-607-G06-M,IDN,Indonesia,2012,4871270.26,3,2026-09-03
IDN-809-G13-M,IDN,Indonesia,2009,4144869.11,2,2026-09-03
IDN-809-G13-M,IDN,Indonesia,2010,2561310.41,3,2026-09-03
IDN-809-G13-M,IDN,Indonesia,2011,1722848.93,3,2026-09-03
IDN-809-G13-M,IDN,Indonesia,2012,1691162,2,2026-09-03
IDN-809-G13-M,IDN,Indonesia,2013,1636662,2,2026-09-03
IDN-809-G13-M,IDN,Indonesia,2014,787483,1,2026-09-03
IDN-809-G13-M,IDN,Indonesia,2015,-9371.17,1,2026-09-03
IDN-809-G14-M,IDN,Indonesia,2009,24194008.73,2,2026-09-03
IDN-809-G14-M,IDN,Indonesia,2010,18610393.57,5,2026-09-03
IDN-809-G14-M,IDN,Indonesia,2011,10607817.11,3,2026-09-03
IDN-809-G14-M,IDN,Indonesia,2012,12201288.67,4,2026-09-03
IDN-M-MOH,IDN,Indonesia,2013,29408613.63,6,2026-09-03
IDN-M-MOH,IDN,Indonesia,2014,10700644.96,4,2026-09-03
IDN-M-MOH,IDN,Indonesia,2015,10953621,8,2026-09-03
IDN-M-MOH,IDN,Indonesia,2016,8472023.25,13,2026-09-03
IDN-M-MOH,IDN,Indonesia,2017,19720706,94,2026-09-03
IDN-M-MOH,IDN,Indonesia,2018,9024651.41,52,2026-09-03
IDN-M-MOH,IDN,Indonesia,2019,15354461.75,59,2026-09-03
IDN-M-MOH,IDN,Indonesia,2020,10781334.88,175,2026-09-03
IDN-M-MOH,IDN,Indonesia,2021,8184200.86,38,2026-09-03
IDN-M-MOH,IDN,Indonesia,2022,18380522.85,47,2026-09-03
IDN-M-MOH,IDN,Indonesia,2023,14910319.15,35,2026-09-03
IDN-M-MOH,IDN,Indonesia,2024,20694531.54,49,2026-09-03
IDN-M-MOH,IDN,Indonesia,2025,29213702.2,179,2026-09-03
IDN-M-MOH,IDN,Indonesia,2026,4467467.54,11,2026-09-03
IDN-M-PERDHAK,IDN,Indonesia,2015,1576093,2,2026-09-03
IDN-M-PERDHAK,IDN,Indonesia,2016,2349510,3,2026-09-03
IDN-M-PERDHAK,IDN,Indonesia,2017,3313471,4,2026-09-03
IDN-M-PERDHAK,IDN,Indonesia,2018,963139,2,2026-09-03
IDN-M-PERDHAK,IDN,Indonesia,2019,2135302,4,2026-09-03
IDN-M-PERDHAK,IDN,Indonesia,2020,3272966.67,4,2026-09-03
IDN-M-PERDHAK,IDN,Indonesia,2021,3505046.75,6,2026-09-03
IDN-M-PERDHAK,IDN,Indonesia,2022,3600020.42,5,2026-09-03
IDN-M-PERDHAK,IDN,Indonesia,2023,8693634.35,5,2026-09-03
IDN-M-PERDHAK,IDN,Indonesia,2024,2776766,2,2026-09-03
IDN-M-PERDHAK,IDN,Indonesia,2025,3488303.96,7,2026-09-03
IDN-M-PERDHAK,IDN,Indonesia,2026,2890538.16,3,2026-09-03
IND-M-NVBDCP,IND,India,2015,27511559.63,5,2026-09-03
IND-M-NVBDCP,IND,India,2016,2334764.43,4,2026-09-03
IND-M-NVBDCP,IND,India,2017,64574015.91,9,2026-09-03
IND-M-NVBDCP,IND,India,2018,-2436.27,1,2026-09-03
IND-M-NVBDCP,IND,India,2019,22162074.84,2,2026-09-03
IND-M-NVBDCP,IND,India,2020,17173499,2,2026-09-03
IND-M-NVBDCP,IND,India,2021,24379336,2,2026-09-03
IND-M-NVBDCP,IND,India,2022,2049540,3,2026-09-03
IND-M-NVBDCP,IND,India,2023,30408413.37,114,2026-09-03
IND-M-NVBDCP,IND,India,2024,14681293.06,171,2026-09-03
IND-M-NVBDCP,IND,India,2025,3190799,3,2026-09-03
IND-M-TCIF,IND,India,2021,1707127.32,2,2026-09-03
IND-M-TCIF,IND,India,2022,357450,1,2026-09-03
IND-M-TCIF,IND,India,2023,1618431,1,2026-09-03
IND-M-TCIF,IND,India,2024,472229,2,2026-09-03
IND-M-TCIF,IND,India,2025,1555564,7,2026-09-03
IND-M-TCIF,IND,India,2026,282279,1,2026-09-03
IRN-708-G02-M,IRN,Iran (Islamic Republic),2008,2797683.34,1,2026-09-03
IRN-708-G02-M,IRN,Iran (Islamic Republic),2009,374798.33,2,2026-09-03
IRN-708-G02-M,IRN,Iran (Islamic Republic),2010,2226429.12,2,2026-09-03
IRN-708-G02-M,IRN,Iran (Islamic Republic),2011,1498502,3,2026-09-03
IRN-M-UNDP,IRN,Iran (Islamic Republic),2011,852049,1,2026-09-03
IRN-M-UNDP,IRN,Iran (Islamic Republic),2012,8256054,2,2026-09-03
IRN-M-UNDP,IRN,Iran (Islamic Republic),2013,3180088,3,2026-09-03
IRN-M-UNDP,IRN,Iran (Islamic Republic),2014,2665232,1,2026-09-03
IRN-M-UNDP,IRN,Iran (Islamic Republic),2015,2480335.26,2,2026-09-03
IRN-M-UNDP,IRN,Iran (Islamic Republic),2016,1726286,1,2026-09-03
IRN-M-UNDP,IRN,Iran (Islamic Republic),2017,1088801,3,2026-09-03
IRN-M-UNDP,IRN,Iran (Islamic Republic),2019,-105257.6,1,2026-09-03
KEN-011-G13-M,KEN,Kenya,2011,6946788,1,2026-09-03
KEN-011-G13-M,KEN,Kenya,2012,841195,1,2026-09-03
KEN-011-G13-M,KEN,Kenya,2013,29395242,2,2026-09-03
KEN-011-G13-M,KEN,Kenya,2014,45554295,1,2026-09-03
KEN-011-G13-M,KEN,Kenya,2017,-855450.37,1,2026-09-03
KEN-011-G14-M,KEN,Kenya,2012,2659089,2,2026-09-03
KEN-011-G14-M,KEN,Kenya,2013,3143389,2,2026-09-03
KEN-011-G14-M,KEN,Kenya,2014,3986882,2,2026-09-03
KEN-011-G14-M,KEN,Kenya,2015,1947347,1,2026-09-03
KEN-202-G05-M-00,KEN,Kenya,2003,940541,1,2026-09-03
KEN-202-G05-M-00,KEN,Kenya,2004,3699906,1,2026-09-03
KEN-202-G05-M-00,KEN,Kenya,2015,-592538.39,2,2026-09-03
KEN-202-G05-M-00,KEN,Kenya,2016,-193278.01,2,2026-09-03
KEN-405-G06-M,KEN,Kenya,2006,52188969,4,2026-09-03
KEN-405-G06-M,KEN,Kenya,2007,4949798.52,1,2026-09-03
KEN-405-G06-M,KEN,Kenya,2008,18964849,1,2026-09-03
KEN-405-G06-M,KEN,Kenya,2009,26431540,1,2026-09-03
KEN-405-G06-M,KEN,Kenya,2010,39084205,1,2026-09-03
KEN-405-G06-M,KEN,Kenya,2011,5285089,1,2026-09-03
KEN-405-G06-M,KEN,Kenya,2012,7381361,1,2026-09-03
KEN-405-G06-M,KEN,Kenya,2013,772649,1,2026-09-03
KEN-405-G06-M,KEN,Kenya,2015,-132056.71,2,2026-09-03
KEN-405-G06-M,KEN,Kenya,2019,-360042.17,1,2026-09-03
KEN-M-AMREF,KEN,Kenya,2015,2955267,1,2026-09-03
KEN-M-AMREF,KEN,Kenya,2016,2595194,2,2026-09-03
KEN-M-AMREF,KEN,Kenya,2017,5493500,4,2026-09-03
KEN-M-AMREF,KEN,Kenya,2018,3958372.62,3,2026-09-03
KEN-M-AMREF,KEN,Kenya,2019,4834719.99,3,2026-09-03
KEN-M-AMREF,KEN,Kenya,2020,3096255.28,2,2026-09-03
KEN-M-AMREF,KEN,Kenya,2021,4914227.49,4,2026-09-03
KEN-M-AMREF,KEN,Kenya,2022,6923874.84,5,2026-09-03
KEN-M-AMREF,KEN,Kenya,2023,4824307.34,4,2026-09-03
KEN-M-AMREF,KEN,Kenya,2024,11777249.13,15,2026-09-03
KEN-M-AMREF,KEN,Kenya,2025,3046570,6,2026-09-03
KEN-M-AMREF,KEN,Kenya,2026,2610668.51,2,2026-09-03
KEN-M-TNT,KEN,Kenya,2016,8503131.29,6,2026-09-03
KEN-M-TNT,KEN,Kenya,2017,54527112.19,10,2026-09-03
KEN-M-TNT,KEN,Kenya,2018,8483777.85,9,2026-09-03
KEN-M-TNT,KEN,Kenya,2019,28950588.97,4,2026-09-03
KEN-M-TNT,KEN,Kenya,2020,13297722.39,2,2026-09-03
KEN-M-TNT,KEN,Kenya,2021,23957689.26,54,2026-09-03
KEN-M-TNT,KEN,Kenya,2022,8852577.28,13,2026-09-03
KEN-M-TNT,KEN,Kenya,2023,24184864.69,27,2026-09-03
KEN-M-TNT,KEN,Kenya,2024,18886155.06,131,2026-09-03
KEN-M-TNT,KEN,Kenya,2025,8143075.67,10,2026-09-03
KEN-M-TNT,KEN,Kenya,2026,5750782.14,15,2026-09-03
KGZ-506-G03-M,KGZ,Kyrgyzstan,2006,933345,2,2026-09-03
KGZ-506-G03-M,KGZ,Kyrgyzstan,2007,759045,1,2026-09-03
KGZ-506-G03-M,KGZ,Kyrgyzstan,2008,1013420,2,2026-09-03
KGZ-506-G03-M,KGZ,Kyrgyzstan,2009,172070,1,2026-09-03
KGZ-506-G03-M,KGZ,Kyrgyzstan,2010,415943,1,2026-09-03
KGZ-506-G03-M,KGZ,Kyrgyzstan,2012,-64646.63,1,2026-09-03
KGZ-809-G06-M,KGZ,Kyrgyzstan,2010,750996,1,2026-09-03
KGZ-809-G06-M,KGZ,Kyrgyzstan,2011,-117119.02,1,2026-09-03
KGZ-811-G09-M,KGZ,Kyrgyzstan,2011,1134085,2,2026-09-03
KGZ-811-G09-M,KGZ,Kyrgyzstan,2012,561058,2,2026-09-03
KGZ-811-G09-M,KGZ,Kyrgyzstan,2013,580063,1,2026-09-03
KGZ-811-G09-M,KGZ,Kyrgyzstan,2014,376878,1,2026-09-03
KGZ-811-G09-M,KGZ,Kyrgyzstan,2016,-128681.51,1,2026-09-03
KHM-202-G03-M-00,KHM,Cambodia,2003,1952490,1,2026-09-03
KHM-202-G03-M-00,KHM,Cambodia,2004,506199.49,2,2026-09-03
KHM-202-G03-M-00,KHM,Cambodia,2005,2316927,3,2026-09-03
KHM-202-G03-M-00,KHM,Cambodia,2006,2468820.3,4,2026-09-03
KHM-202-G03-M-00,KHM,Cambodia,2007,1814844.63,2,2026-09-03
KHM-202-G03-M-00,KHM,Cambodia,2008,563250.96,2,2026-09-03
KHM-202-G03-M-00,KHM,Cambodia,2009,61340,1,2026-09-03
KHM-202-G03-M-00,KHM,Cambodia,2012,-30584.92,1,2026-09-03
KHM-202-G13-M,KHM,Cambodia,2009,5525140.8,1,2026-09-03
KHM-202-G13-M,KHM,Cambodia,2010,5391396.2,1,2026-09-03
KHM-405-G06-M,KHM,Cambodia,2005,2892279,1,2026-09-03
KHM-405-G06-M,KHM,Cambodia,2006,655206.7,3,2026-09-03
KHM-405-G06-M,KHM,Cambodia,2007,2669476.23,4,2026-09-03
KHM-405-G06-M,KHM,Cambodia,2008,2023992.35,2,2026-09-03
KHM-405-G06-M,KHM,Cambodia,2009,831318.26,2,2026-09-03
KHM-405-G06-M,KHM,Cambodia,2010,296488.13,1,2026-09-03
KHM-405-G06-M,KHM,Cambodia,2014,-61151.42,1,2026-09-03
KHM-607-G10-M,KHM,Cambodia,2008,8011542.08,2,2026-09-03
KHM-607-G10-M,KHM,Cambodia,2009,4871236.52,3,2026-09-03
KHM-607-G10-M,KHM,Cambodia,2010,5319414.82,2,2026-09-03
KHM-607-G10-M,KHM,Cambodia,2011,3082767.93,3,2026-09-03
KHM-607-G10-M,KHM,Cambodia,2012,702538,2,2026-09-03
KHM-607-G10-M,KHM,Cambodia,2013,-185517.13,1,2026-09-03
KHM-607-G10-M,KHM,Cambodia,2015,-309513.07,3,2026-09-03
KHM-M-UNOPS,KHM,Cambodia,2013,13712644.16,5,2026-09-03
KHM-M-UNOPS,KHM,Cambodia,2014,18371932.05,2,2026-09-03
KHM-M-UNOPS,KHM,Cambodia,2015,8338614,2,2026-09-03
KHM-M-UNOPS,KHM,Cambodia,2016,5200849.92,4,2026-09-03
KHM-M-UNOPS,KHM,Cambodia,2017,8050048,5,2026-09-03
KHM-M-UNOPS,KHM,Cambodia,2018,-3940,1,2026-09-03
LAO-102-G02-M-00,LAO,Lao (Peoples Democratic Republic),2003,1198226,2,2026-09-03
LAO-102-G02-M-00,LAO,Lao (Peoples Democratic Republic),2004,1269544,2,2026-09-03
LAO-102-G02-M-00,LAO,Lao (Peoples Democratic Republic),2005,4356137,4,2026-09-03
LAO-102-G02-M-00,LAO,Lao (Peoples Democratic Republic),2006,2956579.56,2,2026-09-03
LAO-102-G02-M-00,LAO,Lao (Peoples Democratic Republic),2007,2615440.24,3,2026-09-03
LAO-102-G02-M-00,LAO,Lao (Peoples Democratic Republic),2008,313160.2,1,2026-09-03
LAO-405-G05-M,LAO,Lao (Peoples Democratic Republic),2005,2000394,1,2026-09-03
LAO-405-G05-M,LAO,Lao (Peoples Democratic Republic),2006,987019.21,2,2026-09-03
LAO-405-G05-M,LAO,Lao (Peoples Democratic Republic),2007,3808933.14,3,2026-09-03
LAO-405-G05-M,LAO,Lao (Peoples Democratic Republic),2008,2969679,2,2026-09-03
LAO-405-G05-M,LAO,Lao (Peoples Democratic Republic),2009,3069412.36,1,2026-09-03
LAO-405-G05-M,LAO,Lao (Peoples Democratic Republic),2010,1245904.25,2,2026-09-03
LAO-607-G07-M,LAO,Lao (Peoples Democratic Republic),2007,843393.94,1,2026-09-03
LAO-607-G07-M,LAO,Lao (Peoples Democratic Republic),2008,756304.17,2,2026-09-03
LAO-607-G07-M,LAO,Lao (Peoples Democratic Republic),2009,436387.94,2,2026-09-03
LAO-607-G07-M,LAO,Lao (Peoples Democratic Republic),2010,588723.72,6,2026-09-03
LAO-607-G07-M,LAO,Lao (Peoples Democratic Republic),2011,397524.52,3,2026-09-03
LAO-607-G07-M,LAO,Lao (Peoples Democratic Republic),2012,435276.9,2,2026-09-03
LAO-607-G07-M,LAO,Lao (Peoples Democratic Republic),2014,-2680.8,1,2026-09-03
LAO-607-G07-M,LAO,Lao (Peoples Democratic Republic),2015,-6554.34,1,2026-09-03
LAO-607-G07-M,LAO,Lao (Peoples Democratic Republic),2016,-3145.36,1,2026-09-03
LAO-708-G09-M,LAO,Lao (Peoples Democratic Republic),2008,3801109,1,2026-09-03
LAO-708-G09-M,LAO,Lao (Peoples Democratic Republic),2009,1746703.48,1,2026-09-03
LAO-708-G09-M,LAO,Lao (Peoples Democratic Republic),2010,803092.92,3,2026-09-03
LAO-708-G09-M,LAO,Lao (Peoples Democratic Republic),2011,6612636.82,4,2026-09-03
LAO-708-G09-M,LAO,Lao (Peoples Democratic Republic),2012,5958905.63,7,2026-09-03
LAO-708-G09-M,LAO,Lao (Peoples Democratic Republic),2013,3256000.7,7,2026-09-03
LAO-708-G09-M,LAO,Lao (Peoples Democratic Republic),2014,2325270.48,6,2026-09-03
LAO-708-G09-M,LAO,Lao (Peoples Democratic Republic),2015,445165,1,2026-09-03
LAO-708-G09-M,LAO,Lao (Peoples Democratic Republic),2016,-419503.38,4,2026-09-03
LAO-708-G09-M,LAO,Lao (Peoples Democratic Republic),2017,-95.48,1,2026-09-03
LAO-M-GFMOH,LAO,Lao (Peoples Democratic Republic),2015,2421711.08,2,2026-09-03
LAO-M-GFMOH,LAO,Lao (Peoples Democratic Republic),2016,5087833.4,12,2026-09-03
LAO-M-GFMOH,LAO,Lao (Peoples Democratic Republic),2017,1585865.84,13,2026-09-03
LAO-M-GFMOH,LAO,Lao (Peoples Democratic Republic),2018,0.01,1,2026-09-03
LAO-M-GFMOH,LAO,Lao (Peoples Democratic Republic),2019,-432453.31,4,2026-09-03
LAO-M-GFMOH,LAO,Lao (Peoples Democratic Republic),2020,-5259.09,1,2026-09-03
LBR-304-G03-M,LBR,Liberia,2004,2797574,2,2026-09-03
LBR-304-G03-M,LBR,Liberia,2005,3387041,1,2026-09-03
LBR-304-G03-M,LBR,Liberia,2006,5956306,5,2026-09-03
LBR-304-G03-M,LBR,Liberia,2008,-264863.17,1,2026-09-03
LBR-304-G03-M,LBR,Liberia,2010,-7065.52,1,2026-09-03
LBR-304-G03-M,LBR,Liberia,2012,-10613.08,1,2026-09-03
LBR-708-G05-M,LBR,Liberia,2008,9128543,2,2026-09-03
LBR-708-G05-M,LBR,Liberia,2009,345575,1,2026-09-03
LBR-708-G05-M,LBR,Liberia,2010,8236675,3,2026-09-03
LBR-708-G05-M,LBR,Liberia,2011,1779453,1,2026-09-03
LBR-708-G05-M,LBR,Liberia,2014,-523087.81,1,2026-09-03
LBR-M-CRS,LBR,Liberia,2022,1609092.47,1,2026-09-03
LBR-M-CRS,LBR,Liberia,2023,6168112.2,22,2026-09-03
LBR-M-CRS,LBR,Liberia,2024,13393162.67,44,2026-09-03
LBR-M-CRS,LBR,Liberia,2025,3024967.74,12,2026-09-03
LBR-M-CRS,LBR,Liberia,2026,9530478.69,29,2026-09-03
LBR-M-MOH,LBR,Liberia,2011,3419081,1,2026-09-03
LBR-M-MOH,LBR,Liberia,2012,7569655.36,3,2026-09-03
LBR-M-MOH,LBR,Liberia,2013,2913330.55,5,2026-09-03
LBR-M-MOH,LBR,Liberia,2014,9899297.99,5,2026-09-03
LBR-M-MOH,LBR,Liberia,2015,1721429.31,6,2026-09-03
LBR-M-MOH,LBR,Liberia,2016,3069893.3,10,2026-09-03
LBR-M-MOH,LBR,Liberia,2017,9690740.83,25,2026-09-03
LBR-M-MOH,LBR,Liberia,2018,12972880.1,62,2026-09-03
LBR-M-MOH,LBR,Liberia,2019,3648939.86,16,2026-09-03
LBR-M-MOH,LBR,Liberia,2020,5118398.73,14,2026-09-03
LBR-M-MOH,LBR,Liberia,2021,12342884.1,42,2026-09-03
LBR-M-MOH,LBR,Liberia,2022,2467107.7,18,2026-09-03
LBR-M-MOH,LBR,Liberia,2023,-1599,1,2026-09-03
LBR-M-MOH,LBR,Liberia,2025,-16126,1,2026-09-03
LBR-M-PII,LBR,Liberia,2012,4628231.69,3,2026-09-03
LBR-M-PII,LBR,Liberia,2013,2969618.76,3,2026-09-03
LBR-M-PII,LBR,Liberia,2014,1029083,3,2026-09-03
LBR-M-PII,LBR,Liberia,2015,5605538.38,5,2026-09-03
LBR-M-PII,LBR,Liberia,2016,3046454.16,3,2026-09-03
LBR-M-PII,LBR,Liberia,2017,4113695.98,6,2026-09-03
LBR-M-PII,LBR,Liberia,2018,7182292.97,8,2026-09-03
LBR-M-PII,LBR,Liberia,2019,2745235.16,5,2026-09-03
LBR-M-PII,LBR,Liberia,2020,4136220.78,4,2026-09-03
LBR-M-PII,LBR,Liberia,2021,9552418.11,4,2026-09-03
LBR-M-PII,LBR,Liberia,2022,4537383.65,7,2026-09-03
LBR-M-PII,LBR,Liberia,2023,5122750.65,9,2026-09-03
LBR-M-PII,LBR,Liberia,2024,9447462.61,5,2026-09-03
LBR-M-PII,LBR,Liberia,2026,-195814.2,1,2026-09-03
LKA-102-G01-M-00,LKA,Sri Lanka,2003,176573,1,2026-09-03
LKA-102-G01-M-00,LKA,Sri Lanka,2004,248986,1,2026-09-03
LKA-102-G01-M-00,LKA,Sri Lanka,2005,182214,1,2026-09-03
LKA-102-G01-M-00,LKA,Sri Lanka,2006,122367,1,2026-09-03
LKA-102-G01-M-00,LKA,Sri Lanka,2007,331355,2,2026-09-03
LKA-102-G01-M-00,LKA,Sri Lanka,2008,1015728,1,2026-09-03
LKA-405-G05-M,LKA,Sri Lanka,2005,338567,1,2026-09-03
LKA-405-G05-M,LKA,Sri Lanka,2007,199315.85,2,2026-09-03
LKA-405-G05-M,LKA,Sri Lanka,2008,1145956.89,2,2026-09-03
LKA-405-G05-M,LKA,Sri Lanka,2009,475282,3,2026-09-03
LKA-405-G05-M,LKA,Sri Lanka,2015,-199337,1,2026-09-03
LKA-405-G06-M,LKA,Sri Lanka,2005,128975,1,2026-09-03
LKA-405-G06-M,LKA,Sri Lanka,2007,209893.34,1,2026-09-03
LKA-405-G06-M,LKA,Sri Lanka,2008,813815.47,1,2026-09-03
LKA-405-G06-M,LKA,Sri Lanka,2015,-8080.24,2,2026-09-03
LKA-809-G11-M,LKA,Sri Lanka,2009,2810551,2,2026-09-03
LKA-809-G11-M,LKA,Sri Lanka,2010,778921,1,2026-09-03
LKA-809-G11-M,LKA,Sri Lanka,2011,874112,1,2026-09-03
LKA-809-G11-M,LKA,Sri Lanka,2012,1421126,4,2026-09-03
LKA-809-G11-M,LKA,Sri Lanka,2013,1939285,2,2026-09-03
LKA-809-G11-M,LKA,Sri Lanka,2014,746743,3,2026-09-03
LKA-809-G11-M,LKA,Sri Lanka,2015,-45867.53,3,2026-09-03
LKA-M-MOH,LKA,Sri Lanka,2016,848691.54,7,2026-09-03
LKA-M-MOH,LKA,Sri Lanka,2017,1523509.4,36,2026-09-03
LKA-M-MOH,LKA,Sri Lanka,2018,3082367.94,53,2026-09-03
LKA-M-MOH,LKA,Sri Lanka,2019,-136574,30,2026-09-03
LKA-M-MOH,LKA,Sri Lanka,2020,875000,1,2026-09-03
LKA-M-MOH,LKA,Sri Lanka,2022,1499878,2,2026-09-03
MAF-202-G01-M-00,MCSEAF,Multicountry SEAF RMCC,2003,2160782,1,2026-09-03
MAF-202-G01-M-00,MCSEAF,Multicountry SEAF RMCC,2004,2836719.43,4,2026-09-03
MAF-202-G01-M-00,MCSEAF,Multicountry SEAF RMCC,2005,2092816.57,1,2026-09-03
MAF-202-G01-M-00,MCSEAF,Multicountry SEAF RMCC,2006,6544384.46,2,2026-09-03
MAF-202-G01-M-00,MCSEAF,Multicountry SEAF RMCC,2007,4696293.63,2,2026-09-03
MAF-202-G01-M-00,MCSEAF,Multicountry SEAF RMCC,2008,2595196.58,3,2026-09-03
MAF-202-G01-M-00,MCSEAF,Multicountry SEAF RMCC,2009,4311355.24,2,2026-09-03
MAF-202-G01-M-00,MCSEAF,Multicountry SEAF RMCC,2010,4436028,1,2026-09-03
MAF-202-G01-M-00,MCSEAF,Multicountry SEAF RMCC,2013,-856467.43,1,2026-09-03
MAF-202-G01-M-00,MCSEAF,Multicountry SEAF RMCC,2015,-536048.47,2,2026-09-03
MAL-607-G04-M,MLI,Mali,2007,1435227,1,2026-09-03
MAL-607-G04-M,MLI,Mali,2008,1162302,1,2026-09-03
MAL-607-G04-M,MLI,Mali,2010,-41540.01,1,2026-09-03
MAL-607-G04-M,MLI,Mali,2017,-431460.81,1,2026-09-03
MAL-607-G05-M,MLI,Mali,2007,2684101,2,2026-09-03
MAL-607-G05-M,MLI,Mali,2008,3070738,2,2026-09-03
MAL-607-G05-M,MLI,Mali,2010,4372391,2,2026-09-03
MAL-607-G05-M,MLI,Mali,2015,-30574.21,1,2026-09-03
MDG-102-G01-M-00,MDG,Madagascar,2003,733622,2,2026-09-03
MDG-102-G01-M-00,MDG,Madagascar,2004,1016677,3,2026-09-03
MDG-102-G01-M-00,MDG,Madagascar,2005,249764,1,2026-09-03
MDG-102-G01-M-00,MDG,Madagascar,2009,-127700,1,2026-09-03
MDG-304-G05-M,MDG,Madagascar,2004,2764778,2,2026-09-03
MDG-304-G05-M,MDG,Madagascar,2005,2216700,2,2026-09-03
MDG-304-G05-M,MDG,Madagascar,2007,2987819,2,2026-09-03
MDG-304-G05-M,MDG,Madagascar,2008,1232694,2,2026-09-03
MDG-304-G05-M,MDG,Madagascar,2009,800430,2,2026-09-03
MDG-304-G05-M,MDG,Madagascar,2014,-101007.41,2,2026-09-03
MDG-405-G06-M,MDG,Madagascar,2005,9269905,2,2026-09-03
MDG-405-G06-M,MDG,Madagascar,2007,11482604,3,2026-09-03
MDG-405-G06-M,MDG,Madagascar,2008,715461,1,2026-09-03
MDG-405-G06-M,MDG,Madagascar,2009,-21314.91,2,2026-09-03
MDG-405-G07-M,MDG,Madagascar,2005,5839647,2,2026-09-03
MDG-405-G07-M,MDG,Madagascar,2006,5834491,3,2026-09-03
MDG-405-G07-M,MDG,Madagascar,2007,6494083.04,2,2026-09-03
MDG-405-G07-M,MDG,Madagascar,2008,1291438.6,2,2026-09-03
MDG-405-G07-M,MDG,Madagascar,2009,8610515,1,2026-09-03
MDG-405-G07-M,MDG,Madagascar,2010,12299965,1,2026-09-03
MDG-405-G07-M,MDG,Madagascar,2011,2931819,1,2026-09-03
MDG-405-G07-M,MDG,Madagascar,2012,6317848,1,2026-09-03
MDG-405-G07-M,MDG,Madagascar,2013,14527861,2,2026-09-03
MDG-405-G07-M,MDG,Madagascar,2016,802961.91,1,2026-09-03
MDG-405-G07-M,MDG,Madagascar,2017,-24411,1,2026-09-03
MDG-708-G09-M,MDG,Madagascar,2008,9712843,1,2026-09-03
MDG-708-G09-M,MDG,Madagascar,2009,2846705.64,1,2026-09-03
MDG-708-G09-M,MDG,Madagascar,2010,8586701,2,2026-09-03
MDG-708-G09-M,MDG,Madagascar,2011,2092252,1,2026-09-03
MDG-708-G09-M,MDG,Madagascar,2012,932150,1,2026-09-03
MDG-708-G09-M,MDG,Madagascar,2013,2934073,1,2026-09-03
MDG-708-G09-M,MDG,Madagascar,2014,1171644.57,2,2026-09-03
MDG-708-G09-M,MDG,Madagascar,2016,-424455.52,3,2026-09-03
MDG-708-G09-M,MDG,Madagascar,2017,-124797.23,1,2026-09-03
MDG-708-G09-M,MDG,Madagascar,2018,-87138.93,2,2026-09-03
MDG-708-G10-M,MDG,Madagascar,2008,2150644,1,2026-09-03
MDG-708-G10-M,MDG,Madagascar,2010,3874154.76,1,2026-09-03
MDG-708-G10-M,MDG,Madagascar,2011,10092522,1,2026-09-03
MDG-708-G10-M,MDG,Madagascar,2017,-350105.51,1,2026-09-03
MDG-910-G15-M,MDG,Madagascar,2010,1106951,1,2026-09-03
MDG-910-G15-M,MDG,Madagascar,2011,227471,1,2026-09-03
MDG-910-G15-M,MDG,Madagascar,2012,535266,1,2026-09-03
MDG-910-G15-M,MDG,Madagascar,2015,-371154.22,2,2026-09-03
MDG-910-G15-M,MDG,Madagascar,2016,-1224,1,2026-09-03
MDG-910-G16-M,MDG,Madagascar,2010,9822305,1,2026-09-03
MDG-910-G16-M,MDG,Madagascar,2012,6575325,1,2026-09-03
MDG-910-G16-M,MDG,Madagascar,2014,-11799,1,2026-09-03
MDG-910-G16-M,MDG,Madagascar,2015,-686890.85,3,2026-09-03
MDG-910-G16-M,MDG,Madagascar,2016,-48415.87,1,2026-09-03
MDG-910-G17-M,MDG,Madagascar,2010,5761347,1,2026-09-03
MDG-910-G17-M,MDG,Madagascar,2011,3105870,1,2026-09-03
MDG-910-G17-M,MDG,Madagascar,2012,2063988,1,2026-09-03
MDG-910-G17-M,MDG,Madagascar,2015,-373238.16,1,2026-09-03
MDG-910-G17-M,MDG,Madagascar,2016,-175072.02,2,2026-09-03
MDG-910-G17-M,MDG,Madagascar,2018,-29910.84,2,2026-09-03
MDG-910-G18-M,MDG,Madagascar,2010,3666849,1,2026-09-03
MDG-910-G18-M,MDG,Madagascar,2012,3985204,1,2026-09-03
MDG-910-G18-M,MDG,Madagascar,2014,-548593.54,2,2026-09-03
MDG-910-G18-M,MDG,Madagascar,2015,-33391.79,1,2026-09-03
MDG-910-G18-M,MDG,Madagascar,2017,-3313.61,1,2026-09-03
MDG-910-G19-M,MDG,Madagascar,2010,9355700,1,2026-09-03
MDG-910-G19-M,MDG,Madagascar,2012,5131121,2,2026-09-03
MDG-910-G19-M,MDG,Madagascar,2013,5185366,2,2026-09-03
MDG-910-G19-M,MDG,Madagascar,2014,-10928,1,2026-09-03
MDG-910-G19-M,MDG,Madagascar,2015,911962,1,2026-09-03
MDG-910-G19-M,MDG,Madagascar,2018,-119243.61,2,2026-09-03
MDG-M-MOH,MDG,Madagascar,2016,3799049,1,2026-09-03
MDG-M-MOH,MDG,Madagascar,2017,410397.23,5,2026-09-03
MDG-M-MOH,MDG,Madagascar,2018,10601215.16,10,2026-09-03
MDG-M-MOH,MDG,Madagascar,2019,1950408.53,9,2026-09-03
MDG-M-MOH,MDG,Madagascar,2020,1768616.64,8,2026-09-03
MDG-M-MOH,MDG,Madagascar,2021,2624374.15,9,2026-09-03
MDG-M-MOH,MDG,Madagascar,2023,-42734.43,1,2026-09-03
MDG-M-PSI,MDG,Madagascar,2015,23957749.73,7,2026-09-03
MDG-M-PSI,MDG,Madagascar,2016,8005275.55,11,2026-09-03
MDG-M-PSI,MDG,Madagascar,2017,14086538.25,7,2026-09-03
MDG-M-PSI,MDG,Madagascar,2018,30001139.56,15,2026-09-03
MDG-M-PSI,MDG,Madagascar,2019,4449584.81,1,2026-09-03
MDG-M-PSI,MDG,Madagascar,2020,31818094.47,3,2026-09-03
MDG-M-PSI,MDG,Madagascar,2021,13522041.18,5,2026-09-03
MDG-M-PSI,MDG,Madagascar,2022,16787000.51,3,2026-09-03
MDG-M-PSI,MDG,Madagascar,2023,58970718.74,8,2026-09-03
MDG-M-PSI,MDG,Madagascar,2024,9283791,1,2026-09-03
MDG-M-PSI,MDG,Madagascar,2025,869524.39,12,2026-09-03
MDG-M-PSI,MDG,Madagascar,2026,40935.12,4,2026-09-03
MLI-102-G01-M-00,MLI,Mali,2003,678620,1,2026-09-03
MLI-102-G01-M-00,MLI,Mali,2004,266500,1,2026-09-03
MLI-102-G01-M-00,MLI,Mali,2005,746721,2,2026-09-03
MLI-102-G01-M-00,MLI,Mali,2006,802828,3,2026-09-03
MLI-102-G01-M-00,MLI,Mali,2007,97647,1,2026-09-03
MLI-M-CRS,MLI,Mali,2022,23722425.1,74,2026-09-03
MLI-M-CRS,MLI,Mali,2023,33762568.89,127,2026-09-03
MLI-M-CRS,MLI,Mali,2024,22744795.5,54,2026-09-03
MLI-M-CRS,MLI,Mali,2025,23072022.27,69,2026-09-03
MLI-M-CRS,MLI,Mali,2026,17166638.89,50,2026-09-03
MLI-M-PSI,MLI,Mali,2013,13845797.46,3,2026-09-03
MLI-M-PSI,MLI,Mali,2014,11755912.81,1,2026-09-03
MLI-M-PSI,MLI,Mali,2015,8914405.51,2,2026-09-03
MLI-M-PSI,MLI,Mali,2016,11435965.15,2,2026-09-03
MLI-M-PSI,MLI,Mali,2017,28444391.84,4,2026-09-03
MLI-M-PSI,MLI,Mali,2018,35318373.02,6,2026-09-03
MLI-M-PSI,MLI,Mali,2019,21187717.82,5,2026-09-03
MLI-M-PSI,MLI,Mali,2020,26981462.64,3,2026-09-03
MLI-M-PSI,MLI,Mali,2021,10908873.05,2,2026-09-03
MLI-M-PSI,MLI,Mali,2022,1413066.33,5,2026-09-03
MLI-M-PSI,MLI,Mali,2023,182041.98,1,2026-09-03
MLI-M-PSI,MLI,Mali,2024,97654.2,1,2026-09-03
MLW-708-G05-M,MWI,Malawi,2008,14961663.5,1,2026-09-03
MLW-708-G05-M,MWI,Malawi,2009,3721540,1,2026-09-03
MLW-708-G05-M,MWI,Malawi,2010,5492126,1,2026-09-03
MLW-708-G05-M,MWI,Malawi,2011,24535772.53,5,2026-09-03
MLW-708-G05-M,MWI,Malawi,2013,8416847.52,4,2026-09-03
MLW-708-G05-M,MWI,Malawi,2015,-692696.44,1,2026-09-03
MLW-708-G05-M,MWI,Malawi,2017,-22662.51,1,2026-09-03
MLW-911-G08-M,MWI,Malawi,2011,20431842.47,5,2026-09-03
MLW-911-G08-M,MWI,Malawi,2012,2473270.32,3,2026-09-03
MLW-911-G08-M,MWI,Malawi,2013,667348.62,4,2026-09-03
MLW-911-G08-M,MWI,Malawi,2014,7129259.56,7,2026-09-03
MLW-911-G08-M,MWI,Malawi,2015,28830564.87,15,2026-09-03
MLW-911-G08-M,MWI,Malawi,2016,4227071.11,6,2026-09-03
MLW-911-G08-M,MWI,Malawi,2017,-18271.08,1,2026-09-03
MMR-305-G03-M,MMR,Myanmar,2005,3091409,1,2026-09-03
MMR-305-G03-M,MMR,Myanmar,2007,-400000,2,2026-09-03
MMR-305-G03-M,MMR,Myanmar,2008,-400000,2,2026-09-03
MMR-305-G03-M,MMR,Myanmar,2009,-122330.07,1,2026-09-03
MMR-M-SCF,MMR,Myanmar,2010,5538564,2,2026-09-03
MMR-M-SCF,MMR,Myanmar,2012,4880368,3,2026-09-03
MMR-M-SCF,MMR,Myanmar,2013,5811583,3,2026-09-03
MMR-M-SCF,MMR,Myanmar,2014,3811136,2,2026-09-03
MMR-M-SCF,MMR,Myanmar,2015,5624287,3,2026-09-03
MMR-M-SCF,MMR,Myanmar,2016,5727584,4,2026-09-03
MMR-M-SCF,MMR,Myanmar,2017,6407408.41,23,2026-09-03
MMR-M-SCF,MMR,Myanmar,2018,939.96,3,2026-09-03
MMR-M-SCF,MMR,Myanmar,2019,-201773.25,1,2026-09-03
MMR-M-UNOPS,MMR,Myanmar,2010,7642241,2,2026-09-03
MMR-M-UNOPS,MMR,Myanmar,2012,14885674,3,2026-09-03
MMR-M-UNOPS,MMR,Myanmar,2013,9221129,2,2026-09-03
MMR-M-UNOPS,MMR,Myanmar,2014,14443608,3,2026-09-03
MMR-M-UNOPS,MMR,Myanmar,2015,4164787,1,2026-09-03
MMR-M-UNOPS,MMR,Myanmar,2016,19784764,3,2026-09-03
MMR-M-UNOPS,MMR,Myanmar,2017,17469146,2,2026-09-03
MMR-M-UNOPS,MMR,Myanmar,2018,200000,1,2026-09-03
MOZ-202-G03-M-00,MOZ,Mozambique,2004,6653717.66,1,2026-09-03
MOZ-202-G03-M-00,MOZ,Mozambique,2006,5380306,1,2026-09-03
MOZ-202-G03-M-00,MOZ,Mozambique,2007,6638420.55,3,2026-09-03
MOZ-202-G03-M-00,MOZ,Mozambique,2008,4295890.59,1,2026-09-03
MOZ-202-G03-M-00,MOZ,Mozambique,2009,520865.47,1,2026-09-03
MOZ-202-G03-M-00,MOZ,Mozambique,2010,3295126.05,2,2026-09-03
MOZ-202-G03-M-00,MOZ,Mozambique,2011,-65125.4,1,2026-09-03
MOZ-202-G03-M-00,MOZ,Mozambique,2012,-216506.32,1,2026-09-03
MOZ-202-G03-M-00,MOZ,Mozambique,2018,-0.02,1,2026-09-03
MOZ-607-G06-M,MOZ,Mozambique,2007,5794450,1,2026-09-03
MOZ-607-G06-M,MOZ,Mozambique,2008,7329245.15,2,2026-09-03
MOZ-607-G06-M,MOZ,Mozambique,2010,19732668.2,2,2026-09-03
MOZ-607-G06-M,MOZ,Mozambique,2011,-1868026.45,1,2026-09-03
MOZ-607-G06-M,MOZ,Mozambique,2012,-218298.14,1,2026-09-03
MOZ-607-G06-M,MOZ,Mozambique,2013,-100628.66,1,2026-09-03
MOZ-911-G11-M,MOZ,Mozambique,2011,1925820.22,1,2026-09-03
MOZ-911-G11-M,MOZ,Mozambique,2012,18088421.69,3,2026-09-03
MOZ-911-G11-M,MOZ,Mozambique,2013,2497242.5,1,2026-09-03
MOZ-911-G11-M,MOZ,Mozambique,2014,27882798.75,7,2026-09-03
MOZ-911-G11-M,MOZ,Mozambique,2015,3327337.24,1,2026-09-03
MOZ-911-G11-M,MOZ,Mozambique,2020,-929,1,2026-09-03
MOZ-911-G12-M,MOZ,Mozambique,2011,7690338,2,2026-09-03
MOZ-911-G12-M,MOZ,Mozambique,2012,12029362.58,3,2026-09-03
MOZ-911-G12-M,MOZ,Mozambique,2013,10229997.66,3,2026-09-03
MOZ-911-G12-M,MOZ,Mozambique,2014,6759480.64,1,2026-09-03
MOZ-911-G12-M,MOZ,Mozambique,2015,827605,1,2026-09-03
MOZ-M-MOH,MOZ,Mozambique,2015,6156537.93,8,2026-09-03
MOZ-M-MOH,MOZ,Mozambique,2016,48423098.22,23,2026-09-03
MOZ-M-MOH,MOZ,Mozambique,2017,43397015.04,123,2026-09-03
MOZ-M-MOH,MOZ,Mozambique,2018,27844560.31,65,2026-09-03
MOZ-M-MOH,MOZ,Mozambique,2019,35579392.74,128,2026-09-03
MOZ-M-MOH,MOZ,Mozambique,2020,68915109.57,333,2026-09-03
MOZ-M-MOH,MOZ,Mozambique,2021,14635248.7,112,2026-09-03
MOZ-M-MOH,MOZ,Mozambique,2022,60527794.98,279,2026-09-03
MOZ-M-MOH,MOZ,Mozambique,2023,58809258.93,327,2026-09-03
MOZ-M-MOH,MOZ,Mozambique,2024,24797304.32,151,2026-09-03
MOZ-M-MOH,MOZ,Mozambique,2025,59585495.38,291,2026-09-03
MOZ-M-MOH,MOZ,Mozambique,2026,17077354.94,191,2026-09-03
MOZ-M-WV,MOZ,Mozambique,2015,8075655,1,2026-09-03
MOZ-M-WV,MOZ,Mozambique,2016,10798643,1,2026-09-03
MOZ-M-WV,MOZ,Mozambique,2017,18785541.57,2,2026-09-03
MOZ-M-WV,MOZ,Mozambique,2018,7928461.72,6,2026-09-03
MOZ-M-WV,MOZ,Mozambique,2019,15316552.79,2,2026-09-03
MOZ-M-WV,MOZ,Mozambique,2020,19797622.2,4,2026-09-03
MOZ-M-WV,MOZ,Mozambique,2021,11581610,2,2026-09-03
MOZ-M-WV,MOZ,Mozambique,2022,26350270.06,5,2026-09-03
MOZ-M-WV,MOZ,Mozambique,2023,23340627.67,7,2026-09-03
MOZ-M-WV,MOZ,Mozambique,2024,13308258.64,10,2026-09-03
MOZ-M-WV,MOZ,Mozambique,2025,22952995.94,5,2026-09-03
MOZ-M-WV,MOZ,Mozambique,2026,12037266.39,7,2026-09-03
MRT-202-G02-M-00,MRT,Mauritania,2004,432745,3,2026-09-03
MRT-202-G02-M-00,MRT,Mauritania,2005,248254,1,2026-09-03
MRT-202-G02-M-00,MRT,Mauritania,2006,600105.23,2,2026-09-03
MRT-202-G02-M-00,MRT,Mauritania,2007,108084.67,1,2026-09-03
MRT-202-G02-M-00,MRT,Mauritania,2008,661972.41,1,2026-09-03
MRT-202-G02-M-00,MRT,Mauritania,2015,-186069.25,1,2026-09-03
MRT-202-G02-M-00,MRT,Mauritania,2016,-545628.2,2,2026-09-03
MRT-607-G04-M,MRT,Mauritania,2007,1238295,1,2026-09-03
MRT-607-G04-M,MRT,Mauritania,2008,680054.36,1,2026-09-03
MRT-607-G04-M,MRT,Mauritania,2009,541854,1,2026-09-03
MRT-607-G04-M,MRT,Mauritania,2010,500223,1,2026-09-03
MRT-607-G04-M,MRT,Mauritania,2012,-534600.39,1,2026-09-03
MRT-607-G04-M,MRT,Mauritania,2015,-774.77,1,2026-09-03
MRT-607-G04-M,MRT,Mauritania,2016,-2.87,1,2026-09-03
MRT-M-SENLS,MRT,Mauritania,2016,2332240.82,3,2026-09-03
MRT-M-SENLS,MRT,Mauritania,2017,4490909.99,14,2026-09-03
MRT-M-SENLS,MRT,Mauritania,2018,4020544.42,16,2026-09-03
MRT-M-SENLS,MRT,Mauritania,2019,73220,1,2026-09-03
MRT-M-SENLS,MRT,Mauritania,2020,492562,3,2026-09-03
MRT-M-SENLS,MRT,Mauritania,2023,-23299.82,2,2026-09-03
MWI-202-G02-M-00,MWI,Malawi,2006,6363507,1,2026-09-03
MWI-202-G02-M-00,MWI,Malawi,2007,11594207,1,2026-09-03
MWI-M-MOH,MWI,Malawi,2015,264754,1,2026-09-03
MWI-M-MOH,MWI,Malawi,2016,9046469.82,11,2026-09-03
MWI-M-MOH,MWI,Malawi,2017,8277274.15,20,2026-09-03
MWI-M-MOH,MWI,Malawi,2018,8700578.44,21,2026-09-03
MWI-M-MOH,MWI,Malawi,2019,8959838.12,25,2026-09-03
MWI-M-MOH,MWI,Malawi,2020,27544996.57,51,2026-09-03
MWI-M-MOH,MWI,Malawi,2021,55418738.73,241,2026-09-03
MWI-M-MOH,MWI,Malawi,2022,31489217.98,111,2026-09-03
MWI-M-MOH,MWI,Malawi,2023,12433535.44,97,2026-09-03
MWI-M-MOH,MWI,Malawi,2024,73210390.34,179,2026-09-03
MWI-M-MOH,MWI,Malawi,2025,54146110.19,125,2026-09-03
MWI-M-MOH,MWI,Malawi,2026,19487585.1,52,2026-09-03
MWI-M-WVM,MWI,Malawi,2015,687515,1,2026-09-03
MWI-M-WVM,MWI,Malawi,2016,2598831,2,2026-09-03
MWI-M-WVM,MWI,Malawi,2017,3427347.47,5,2026-09-03
MWI-M-WVM,MWI,Malawi,2018,21842083.87,45,2026-09-03
MWI-M-WVM,MWI,Malawi,2019,5504428.41,9,2026-09-03
MWI-M-WVM,MWI,Malawi,2020,12465283.36,11,2026-09-03
MWI-M-WVM,MWI,Malawi,2021,9902754.78,20,2026-09-03
MWI-M-WVM,MWI,Malawi,2022,9589966.16,23,2026-09-03
MWI-M-WVM,MWI,Malawi,2023,11653850.77,14,2026-09-03
MWI-M-WVM,MWI,Malawi,2025,785874,1,2026-09-03
MWI-M-WVM,MWI,Malawi,2026,-103779,1,2026-09-03
NAM-M-MOH,NAM,Namibia,2018,742672.05,2,2026-09-03
NAM-M-MOH,NAM,Namibia,2019,618413.68,2,2026-09-03
NAM-M-MOH,NAM,Namibia,2020,1345032.73,14,2026-09-03
NAM-M-MOH,NAM,Namibia,2021,-3350,1,2026-09-03
NAM-M-MOH,NAM,Namibia,2023,-93315,1,2026-09-03
NAM-M-MOH,NAM,Namibia,2025,-70606.22,1,2026-09-03
NEP-M-EDCD,NPL,Nepal,2012,1191149,2,2026-09-03
NEP-M-EDCD,NPL,Nepal,2013,591709,2,2026-09-03
NEP-M-EDCD,NPL,Nepal,2014,947235,1,2026-09-03
NEP-M-EDCD,NPL,Nepal,2015,1261927.56,4,2026-09-03
NEP-M-EDCD,NPL,Nepal,2016,-612956.73,2,2026-09-03
NEP-M-EDCD,NPL,Nepal,2018,-285513.54,2,2026-09-03
NEP-M-EDCD,NPL,Nepal,2019,-3707.27,1,2026-09-03
NEP-M-PSI,NPL,Nepal,2012,4991442,1,2026-09-03
NEP-M-PSI,NPL,Nepal,2013,4330399,2,2026-09-03
NEP-M-PSI,NPL,Nepal,2014,886964,1,2026-09-03
NEP-M-PSI,NPL,Nepal,2017,-285,1,2026-09-03
NER-304-G02-M,NER,Niger,2004,2882940,2,2026-09-03
NER-304-G02-M,NER,Niger,2006,1484851,3,2026-09-03
NER-304-G02-M,NER,Niger,2007,-50600.57,1,2026-09-03
NER-304-G02-M,NER,Niger,2009,-20631.4,1,2026-09-03
NER-304-G02-M,NER,Niger,2011,20631.4,1,2026-09-03
NER-306-G06-M,NER,Niger,2006,688716,1,2026-09-03
NER-306-G06-M,NER,Niger,2007,645976,1,2026-09-03
NER-306-G06-M,NER,Niger,2010,-25429.46,1,2026-09-03
NER-306-G06-M,NER,Niger,2011,-20631.4,1,2026-09-03
NER-405-G03-M,NER,Niger,2005,10216624,1,2026-09-03
NER-405-G03-M,NER,Niger,2006,963998,3,2026-09-03
NER-405-G03-M,NER,Niger,2007,77366,1,2026-09-03
NER-405-G03-M,NER,Niger,2008,-68249,1,2026-09-03
NER-M-CRS,NER,Niger,2016,9603259.53,15,2026-09-03
NER-M-CRS,NER,Niger,2017,29590117.94,28,2026-09-03
NER-M-CRS,NER,Niger,2018,27199565.9,69,2026-09-03
NER-M-CRS,NER,Niger,2019,21149875.79,88,2026-09-03
NER-M-CRS,NER,Niger,2020,37374505.25,119,2026-09-03
NER-M-CRS,NER,Niger,2021,44490085.08,113,2026-09-03
NER-M-CRS,NER,Niger,2022,38033632.71,152,2026-09-03
NER-M-CRS,NER,Niger,2023,28889256.16,93,2026-09-03
NER-M-CRS,NER,Niger,2024,76835665.68,307,2026-09-03
NER-M-CRS,NER,Niger,2025,21947869.86,79,2026-09-03
NER-M-CRS,NER,Niger,2026,19364998.8,111,2026-09-03
NGA-202-G04-M-00,NGA,Nigeria,2004,4582319,1,2026-09-03
NGA-202-G04-M-00,NGA,Nigeria,2005,4124673,1,2026-09-03
NGA-202-G04-M-00,NGA,Nigeria,2006,5890446,2,2026-09-03
NGA-202-G04-M-00,NGA,Nigeria,2007,5644346,3,2026-09-03
NGA-404-G05-M,NGA,Nigeria,2004,4268800,1,2026-09-03
NGA-404-G05-M,NGA,Nigeria,2005,1659975,1,2026-09-03
NGA-404-G05-M,NGA,Nigeria,2006,7217340.64,3,2026-09-03
NGA-404-G05-M,NGA,Nigeria,2007,11361983,6,2026-09-03
NGA-404-G05-M,NGA,Nigeria,2008,13973608,2,2026-09-03
NGA-407-G10-M,NGA,Nigeria,2007,11015851,1,2026-09-03
NGA-407-G10-M,NGA,Nigeria,2008,2300172,2,2026-09-03
NGA-407-G10-M,NGA,Nigeria,2009,12354272,2,2026-09-03
NGA-407-G10-M,NGA,Nigeria,2013,-952784.47,3,2026-09-03
NGA-407-G10-M,NGA,Nigeria,2014,-8200.69,2,2026-09-03
NGA-809-G11-M,NGA,Nigeria,2009,48402067,5,2026-09-03
NGA-809-G11-M,NGA,Nigeria,2010,394109.87,2,2026-09-03
NGA-809-G11-M,NGA,Nigeria,2011,9933447,1,2026-09-03
NGA-809-G11-M,NGA,Nigeria,2012,71090594,3,2026-09-03
NGA-809-G11-M,NGA,Nigeria,2013,17210065.68,4,2026-09-03
NGA-809-G11-M,NGA,Nigeria,2014,51797403.66,6,2026-09-03
NGA-809-G11-M,NGA,Nigeria,2016,-30153,1,2026-09-03
NGA-809-G11-M,NGA,Nigeria,2018,-25963,2,2026-09-03
NGA-809-G13-M,NGA,Nigeria,2009,85580402.96,5,2026-09-03
NGA-809-G13-M,NGA,Nigeria,2010,534910.1,2,2026-09-03
NGA-809-G13-M,NGA,Nigeria,2012,-1070567.74,1,2026-09-03
NGA-809-G13-M,NGA,Nigeria,2013,-80624.68,1,2026-09-03
NGA-809-G14-M,NGA,Nigeria,2009,78066739.72,5,2026-09-03
NGA-809-G14-M,NGA,Nigeria,2010,127090,1,2026-09-03
NGA-809-G14-M,NGA,Nigeria,2011,19975541.56,6,2026-09-03
NGA-809-G14-M,NGA,Nigeria,2012,53103357.69,8,2026-09-03
NGA-809-G14-M,NGA,Nigeria,2013,29188630.69,7,2026-09-03
NGA-809-G14-M,NGA,Nigeria,2014,93149857.79,7,2026-09-03
NGA-809-G14-M,NGA,Nigeria,2016,-1470075.34,1,2026-09-03
NGA-809-G14-M,NGA,Nigeria,2017,-673749,1,2026-09-03
NGA-809-G14-M,NGA,Nigeria,2018,-688199,1,2026-09-03
NGA-M-CRS,NGA,Nigeria,2017,49400277.61,90,2026-09-03
NGA-M-CRS,NGA,Nigeria,2018,50176655.87,166,2026-09-03
NGA-M-CRS,NGA,Nigeria,2019,109854110.08,281,2026-09-03
NGA-M-CRS,NGA,Nigeria,2020,89429989.89,219,2026-09-03
NGA-M-CRS,NGA,Nigeria,2021,100560011.85,308,2026-09-03
NGA-M-CRS,NGA,Nigeria,2022,120239052.04,411,2026-09-03
NGA-M-CRS,NGA,Nigeria,2023,76289790.69,342,2026-09-03
NGA-M-CRS,NGA,Nigeria,2024,98216667.05,232,2026-09-03
NGA-M-CRS,NGA,Nigeria,2025,89542551.51,209,2026-09-03
NGA-M-CRS,NGA,Nigeria,2026,67039979.54,114,2026-09-03
NGA-M-NMEP,NGA,Nigeria,2015,54565029.66,36,2026-09-03
NGA-M-NMEP,NGA,Nigeria,2016,95141044.73,106,2026-09-03
NGA-M-NMEP,NGA,Nigeria,2017,66575093.47,52,2026-09-03
NGA-M-NMEP,NGA,Nigeria,2018,18533855.86,25,2026-09-03
NGA-M-NMEP,NGA,Nigeria,2019,5604480.07,15,2026-09-03
NGA-M-NMEP,NGA,Nigeria,2020,12481892.74,11,2026-09-03
NGA-M-NMEP,NGA,Nigeria,2021,25739718.75,23,2026-09-03
NGA-M-NMEP,NGA,Nigeria,2022,30942194.91,54,2026-09-03
NGA-M-NMEP,NGA,Nigeria,2023,15901385.06,31,2026-09-03
NGA-M-NMEP,NGA,Nigeria,2024,18744443.56,21,2026-09-03
NGA-M-NMEP,NGA,Nigeria,2025,11924683.35,24,2026-09-03
NGA-M-NMEP,NGA,Nigeria,2026,29498126.83,28,2026-09-03
NGA-M-SFH,NGA,Nigeria,2015,28437001.2,8,2026-09-03
NGA-M-SFH,NGA,Nigeria,2016,8546228.61,4,2026-09-03
NGA-M-SFH,NGA,Nigeria,2017,3516315.42,4,2026-09-03
NGA-M-SFH,NGA,Nigeria,2018,-1388939.69,2,2026-09-03
NGA-M-SFH,NGA,Nigeria,2019,-174850.8,1,2026-09-03
NGR-506-G04-M,NER,Niger,2006,1776725,1,2026-09-03
NGR-506-G04-M,NER,Niger,2007,1935377.18,3,2026-09-03
NGR-506-G04-M,NER,Niger,2008,1405406.96,3,2026-09-03
NGR-506-G04-M,NER,Niger,2009,1093100,1,2026-09-03
NGR-506-G04-M,NER,Niger,2010,2740274.24,3,2026-09-03
NGR-506-G04-M,NER,Niger,2016,-115714.37,3,2026-09-03
NGR-506-G04-M,NER,Niger,2017,-277455.88,2,2026-09-03
NGR-506-G04-M,NER,Niger,2018,-331297.47,2,2026-09-03
NGR-506-G04-M,NER,Niger,2019,-143179.51,1,2026-09-03
NGR-506-G04-M,NER,Niger,2020,-233689.56,1,2026-09-03
NGR-708-G07-M,NER,Niger,2008,9969924.89,2,2026-09-03
NGR-708-G07-M,NER,Niger,2009,16452373.04,4,2026-09-03
NGR-708-G07-M,NER,Niger,2010,280776.33,1,2026-09-03
NGR-708-G07-M,NER,Niger,2011,3283604.64,2,2026-09-03
NGR-708-G07-M,NER,Niger,2012,490865,1,2026-09-03
NGR-708-G07-M,NER,Niger,2013,9305811.5,11,2026-09-03
NGR-708-G07-M,NER,Niger,2014,25761116.61,8,2026-09-03
NGR-708-G07-M,NER,Niger,2015,9526467.8,14,2026-09-03
NGR-708-G07-M,NER,Niger,2016,1552952.28,2,2026-09-03
NGR-708-G07-M,NER,Niger,2018,-29923.3,1,2026-09-03
NIC-202-G01-M-00,NIC,Nicaragua,2003,89601,1,2026-09-03
NIC-202-G01-M-00,NIC,Nicaragua,2004,1899753,3,2026-09-03
NIC-202-G01-M-00,NIC,Nicaragua,2005,1045462,3,2026-09-03
NIC-202-G01-M-00,NIC,Nicaragua,2006,908506,3,2026-09-03
NIC-202-G01-M-00,NIC,Nicaragua,2007,611813,2,2026-09-03
NIC-202-G01-M-00,NIC,Nicaragua,2008,793799,3,2026-09-03
NIC-202-G01-M-00,NIC,Nicaragua,2009,235648,2,2026-09-03
NIC-202-G01-M-00,NIC,Nicaragua,2011,-8494.62,1,2026-09-03
NIC-708-G04-M,NIC,Nicaragua,2009,2270086,2,2026-09-03
NIC-708-G04-M,NIC,Nicaragua,2010,377601,2,2026-09-03
NIC-708-G04-M,NIC,Nicaragua,2011,1052873,2,2026-09-03
NIC-708-G04-M,NIC,Nicaragua,2012,415371,1,2026-09-03
NIC-910-G07-M,NIC,Nicaragua,2010,1709262,1,2026-09-03
NIC-910-G07-M,NIC,Nicaragua,2011,1286924,2,2026-09-03
NIC-910-G07-M,NIC,Nicaragua,2012,387968,2,2026-09-03
NIC-M-REDNICA,NIC,Nicaragua,2013,2431681.87,4,2026-09-03
NIC-M-REDNICA,NIC,Nicaragua,2014,1010094,1,2026-09-03
NIC-M-REDNICA,NIC,Nicaragua,2015,555716.85,3,2026-09-03
NIC-M-REDNICA,NIC,Nicaragua,2016,5068396.91,8,2026-09-03
NIC-M-REDNICA,NIC,Nicaragua,2017,2436490.94,3,2026-09-03
NIC-M-REDNICA,NIC,Nicaragua,2018,2289235.6,8,2026-09-03
NIC-M-REDNICA,NIC,Nicaragua,2019,2974752.37,14,2026-09-03
NIC-M-REDNICA,NIC,Nicaragua,2020,1599466.68,4,2026-09-03
NIC-M-REDNICA,NIC,Nicaragua,2021,1681870.08,2,2026-09-03
NIC-M-REDNICA,NIC,Nicaragua,2022,6652854.42,31,2026-09-03
NIC-M-REDNICA,NIC,Nicaragua,2023,3494884.95,17,2026-09-03
NIC-M-REDNICA,NIC,Nicaragua,2024,1241442.03,4,2026-09-03
NIC-M-REDNICA,NIC,Nicaragua,2025,1076018,13,2026-09-03
NIC-M-REDNICA,NIC,Nicaragua,2026,1142228.51,9,2026-09-03
NMB-202-G03-M-00,NAM,Namibia,2004,349654,1,2026-09-03
NMB-202-G03-M-00,NAM,Namibia,2005,1370770,1,2026-09-03
NMB-202-G03-M-00,NAM,Namibia,2006,1930311.83,3,2026-09-03
NMB-202-G03-M-00,NAM,Namibia,2007,1404373,2,2026-09-03
NMB-202-G03-M-00,NAM,Namibia,2008,207462.11,1,2026-09-03
NMB-202-G03-M-00,NAM,Namibia,2009,936694.46,2,2026-09-03
NMB-202-G03-M-00,NAM,Namibia,2011,249532.93,1,2026-09-03
NMB-202-G03-M-00,NAM,Namibia,2012,443701,2,2026-09-03
NMB-202-G03-M-00,NAM,Namibia,2013,3608532,4,2026-09-03
NMB-202-G03-M-00,NAM,Namibia,2014,556809,1,2026-09-03
NMB-202-G03-M-00,NAM,Namibia,2016,2135514,4,2026-09-03
NMB-202-G03-M-00,NAM,Namibia,2017,2647837.6,5,2026-09-03
NMB-607-G06-M,NAM,Namibia,2007,5385002,2,2026-09-03
NMB-607-G06-M,NAM,Namibia,2008,204553.6,1,2026-09-03
NMB-607-G06-M,NAM,Namibia,2009,2861015.76,1,2026-09-03
NMB-607-G06-M,NAM,Namibia,2010,1165287.18,1,2026-09-03
NMB-607-G06-M,NAM,Namibia,2011,1048860.05,2,2026-09-03
NMB-607-G06-M,NAM,Namibia,2012,800273,1,2026-09-03
NMB-607-G06-M,NAM,Namibia,2015,-428417.83,1,2026-09-03
NMB-607-G06-M,NAM,Namibia,2016,-12137,1,2026-09-03
NPL-202-G02-M-00,NPL,Nepal,2003,116583,1,2026-09-03
NPL-202-G02-M-00,NPL,Nepal,2004,528075.29,1,2026-09-03
NPL-202-G02-M-00,NPL,Nepal,2007,1306688.28,3,2026-09-03
NPL-202-G02-M-00,NPL,Nepal,2008,411428.78,2,2026-09-03
NPL-202-G02-M-00,NPL,Nepal,2009,96726,1,2026-09-03
NPL-202-G02-M-00,NPL,Nepal,2014,-21089.35,1,2026-09-03
NPL-202-G04-M-00,NPL,Nepal,2006,1029025,1,2026-09-03
NPL-202-G04-M-00,NPL,Nepal,2007,3228552.72,3,2026-09-03
NPL-202-G04-M-00,NPL,Nepal,2008,287113,1,2026-09-03
NPL-202-G04-M-00,NPL,Nepal,2010,6044023,1,2026-09-03
NPL-708-G06-M,NPL,Nepal,2008,3064866,1,2026-09-03
NPL-708-G06-M,NPL,Nepal,2010,3402363,1,2026-09-03
NPL-708-G07-M,NPL,Nepal,2008,716734,2,2026-09-03
NPL-708-G07-M,NPL,Nepal,2009,476982.94,1,2026-09-03
NPL-708-G07-M,NPL,Nepal,2010,465832,1,2026-09-03
NPL-M-SCF,NPL,Nepal,2015,456381,1,2026-09-03
NPL-M-SCF,NPL,Nepal,2016,3589211.33,16,2026-09-03
NPL-M-SCF,NPL,Nepal,2017,5051583.6,15,2026-09-03
NPL-M-SCF,NPL,Nepal,2018,1694089.44,43,2026-09-03
NPL-M-SCF,NPL,Nepal,2019,1529934.84,18,2026-09-03
NPL-M-SCF,NPL,Nepal,2020,1622254.9,29,2026-09-03
NPL-M-SCF,NPL,Nepal,2021,1275647.32,30,2026-09-03
NPL-M-SCF,NPL,Nepal,2022,1367187.48,17,2026-09-03
NPL-M-SCF,NPL,Nepal,2023,1013823.03,18,2026-09-03
NPL-M-SCF,NPL,Nepal,2024,547345.4,9,2026-09-03
NPL-M-SCF,NPL,Nepal,2025,158261.89,1,2026-09-03
NPL-M-SCF,NPL,Nepal,2026,-375371.7,3,2026-09-03
PAK-202-G02-M-00,PAK,Pakistan,2003,650462,1,2026-09-03
PAK-202-G02-M-00,PAK,Pakistan,2004,813700,1,2026-09-03
PAK-202-G02-M-00,PAK,Pakistan,2005,1527640,3,2026-09-03
PAK-202-G02-M-00,PAK,Pakistan,2006,546000,1,2026-09-03
PAK-304-G04-M,PAK,Pakistan,2004,454800,1,2026-09-03
PAK-304-G04-M,PAK,Pakistan,2005,262368,1,2026-09-03
PAK-304-G04-M,PAK,Pakistan,2006,665616,1,2026-09-03
PAK-708-G08-M,PAK,Pakistan,2008,1642417,1,2026-09-03
PAK-708-G08-M,PAK,Pakistan,2009,6873869.68,3,2026-09-03
PAK-708-G08-M,PAK,Pakistan,2010,3390453.76,5,2026-09-03
PAK-708-G08-M,PAK,Pakistan,2011,1185971,1,2026-09-03
PAK-M-DOMC,PAK,Pakistan,2012,16776430.5,6,2026-09-03
PAK-M-DOMC,PAK,Pakistan,2013,1390467.88,4,2026-09-03
PAK-M-DOMC,PAK,Pakistan,2014,7375959.45,6,2026-09-03
PAK-M-DOMC,PAK,Pakistan,2015,8491909.86,7,2026-09-03
PAK-M-DOMC,PAK,Pakistan,2016,8249159.55,16,2026-09-03
PAK-M-DOMC,PAK,Pakistan,2017,12510941.58,58,2026-09-03
PAK-M-DOMC,PAK,Pakistan,2018,10280247.13,50,2026-09-03
PAK-M-DOMC,PAK,Pakistan,2019,12239528.96,70,2026-09-03
PAK-M-DOMC,PAK,Pakistan,2020,8515126.94,47,2026-09-03
PAK-M-DOMC,PAK,Pakistan,2021,8595313.53,72,2026-09-03
PAK-M-DOMC,PAK,Pakistan,2022,8391104.44,66,2026-09-03
PAK-M-DOMC,PAK,Pakistan,2023,38196900.02,142,2026-09-03
PAK-M-DOMC,PAK,Pakistan,2024,6005613.51,53,2026-09-03
PAK-M-DOMC,PAK,Pakistan,2025,6005794.53,21,2026-09-03
PAK-M-DOMC,PAK,Pakistan,2026,4793063.59,16,2026-09-03
PAK-M-TIH,PAK,Pakistan,2016,2941548,3,2026-09-03
PAK-M-TIH,PAK,Pakistan,2017,3731737.29,6,2026-09-03
PAK-M-TIH,PAK,Pakistan,2018,3310474.53,13,2026-09-03
PAK-M-TIH,PAK,Pakistan,2019,2643640.14,6,2026-09-03
PAK-M-TIH,PAK,Pakistan,2020,3408978.69,10,2026-09-03
PAK-M-TIH,PAK,Pakistan,2021,4759518.51,5,2026-09-03
PAK-M-TIH,PAK,Pakistan,2022,4574275.07,3,2026-09-03
PAK-M-TIH,PAK,Pakistan,2023,14063948.38,23,2026-09-03
PAK-M-TIH,PAK,Pakistan,2024,2489349.64,9,2026-09-03
PAK-M-TIH,PAK,Pakistan,2025,2530833.27,7,2026-09-03
PAK-M-TIH,PAK,Pakistan,2026,1913059.8,4,2026-09-03
PHL-202-G01-M-00,PHL,Philippines,2003,2231686,2,2026-09-03
PHL-202-G01-M-00,PHL,Philippines,2004,3669663,3,2026-09-03
PHL-202-G01-M-00,PHL,Philippines,2005,2305524,3,2026-09-03
PHL-202-G01-M-00,PHL,Philippines,2006,2864895.54,4,2026-09-03
PHL-202-G01-M-00,PHL,Philippines,2007,756388.69,2,2026-09-03
PHL-202-G01-M-00,PHL,Philippines,2009,4717685.89,1,2026-09-03
PHL-202-G01-M-00,PHL,Philippines,2010,-3570232.85,2,2026-09-03
PHL-202-G09-M,PHL,Philippines,2010,23285690.61,2,2026-09-03
PHL-202-G09-M,PHL,Philippines,2011,2015125.52,1,2026-09-03
PHL-202-G09-M,PHL,Philippines,2012,4271657,2,2026-09-03
PHL-202-G09-M,PHL,Philippines,2013,4806916,2,2026-09-03
PHL-202-G09-M,PHL,Philippines,2014,6454824,3,2026-09-03
PHL-506-G05-M,PHL,Philippines,2006,6444860,1,2026-09-03
PHL-506-G05-M,PHL,Philippines,2007,4402630.06,2,2026-09-03
PHL-506-G05-M,PHL,Philippines,2008,1047571.59,1,2026-09-03
PHL-506-G05-M,PHL,Philippines,2009,1072985.47,2,2026-09-03
PHL-506-G05-M,PHL,Philippines,2011,-350018.6,1,2026-09-03
PHL-607-G07-M,PHL,Philippines,2007,10078029.91,1,2026-09-03
PHL-607-G07-M,PHL,Philippines,2008,4262654.03,1,2026-09-03
PHL-607-G07-M,PHL,Philippines,2010,-1030577.04,2,2026-09-03
PHL-M-PSFI,PHL,Philippines,2014,477631,1,2026-09-03
PHL-M-PSFI,PHL,Philippines,2015,4271374.27,3,2026-09-03
PHL-M-PSFI,PHL,Philippines,2016,3389228,4,2026-09-03
PHL-M-PSFI,PHL,Philippines,2017,7180455.98,5,2026-09-03
PHL-M-PSFI,PHL,Philippines,2018,3195184.31,3,2026-09-03
PHL-M-PSFI,PHL,Philippines,2019,3463697.68,5,2026-09-03
PHL-M-PSFI,PHL,Philippines,2020,4466038.57,5,2026-09-03
PHL-M-PSFI,PHL,Philippines,2021,1855744.22,43,2026-09-03
PHL-M-PSFI,PHL,Philippines,2022,3169143.01,31,2026-09-03
PHL-M-PSFI,PHL,Philippines,2023,3314885.26,22,2026-09-03
PHL-M-PSFI,PHL,Philippines,2024,1082663.64,22,2026-09-03
PHL-M-PSFI,PHL,Philippines,2025,1502882.42,19,2026-09-03
PHL-M-PSFI,PHL,Philippines,2026,978550.8,14,2026-09-03
PKS-M-SC,PAK,Pakistan,2012,2253794,2,2026-09-03
PKS-M-SC,PAK,Pakistan,2013,4459477,2,2026-09-03
PKS-M-SC,PAK,Pakistan,2014,1627576,1,2026-09-03
PKS-M-SC,PAK,Pakistan,2016,-314990.4,2,2026-09-03
PNG-304-G01-M,PNG,Papua New Guinea,2004,2185723,1,2026-09-03
PNG-304-G01-M,PNG,Papua New Guinea,2005,3256525.94,3,2026-09-03
PNG-304-G01-M,PNG,Papua New Guinea,2006,372986.39,1,2026-09-03
PNG-304-G01-M,PNG,Papua New Guinea,2007,2957519,1,2026-09-03
PNG-304-G01-M,PNG,Papua New Guinea,2008,6385835,4,2026-09-03
PNG-304-G01-M,PNG,Papua New Guinea,2009,1893224.1,3,2026-09-03
PNG-304-G01-M,PNG,Papua New Guinea,2010,-834462.62,1,2026-09-03
PNG-809-G04-M,PNG,Papua New Guinea,2009,7936481,1,2026-09-03
PNG-809-G04-M,PNG,Papua New Guinea,2010,1983867.54,1,2026-09-03
PNG-809-G04-M,PNG,Papua New Guinea,2011,4123085.23,2,2026-09-03
PNG-809-G04-M,PNG,Papua New Guinea,2012,-525375.04,2,2026-09-03
PNG-809-G04-M,PNG,Papua New Guinea,2015,-1277349.99,2,2026-09-03
PNG-809-G04-M,PNG,Papua New Guinea,2016,-2292500,1,2026-09-03
PNG-809-G05-M,PNG,Papua New Guinea,2009,2584059,1,2026-09-03
PNG-809-G05-M,PNG,Papua New Guinea,2011,3037636.33,4,2026-09-03
PNG-809-G05-M,PNG,Papua New Guinea,2012,1788277,2,2026-09-03
PNG-809-G05-M,PNG,Papua New Guinea,2013,6649747,3,2026-09-03
PNG-809-G05-M,PNG,Papua New Guinea,2014,3969238,2,2026-09-03
PNG-809-G05-M,PNG,Papua New Guinea,2015,367043,1,2026-09-03
PNG-809-G05-M,PNG,Papua New Guinea,2018,-175817.58,1,2026-09-03
PNG-809-G05-M,PNG,Papua New Guinea,2019,-51807,1,2026-09-03
PNG-809-G06-M,PNG,Papua New Guinea,2009,13967237.52,1,2026-09-03
PNG-809-G06-M,PNG,Papua New Guinea,2010,1386088,1,2026-09-03
PNG-809-G06-M,PNG,Papua New Guinea,2011,3480767.7,3,2026-09-03
PNG-809-G06-M,PNG,Papua New Guinea,2012,16110001,3,2026-09-03
PNG-809-G06-M,PNG,Papua New Guinea,2013,8156008,2,2026-09-03
PNG-809-G06-M,PNG,Papua New Guinea,2014,3891759,2,2026-09-03
PNG-809-G06-M,PNG,Papua New Guinea,2015,914925,1,2026-09-03
PNG-812-G08-M,PNG,Papua New Guinea,2012,5561980,1,2026-09-03
PNG-812-G08-M,PNG,Papua New Guinea,2013,8164396.56,4,2026-09-03
PNG-812-G08-M,PNG,Papua New Guinea,2014,3109464,1,2026-09-03
PNG-812-G08-M,PNG,Papua New Guinea,2015,-1419538.01,2,2026-09-03
PNG-812-G08-M,PNG,Papua New Guinea,2016,-109269.64,1,2026-09-03
PNG-812-G08-M,PNG,Papua New Guinea,2017,-2280.77,1,2026-09-03
PNG-M-PSI,PNG,Papua New Guinea,2015,4316156,3,2026-09-03
PNG-M-PSI,PNG,Papua New Guinea,2016,3759167,3,2026-09-03
PNG-M-PSI,PNG,Papua New Guinea,2017,5683838.37,9,2026-09-03
PNG-M-PSI,PNG,Papua New Guinea,2018,45120,1,2026-09-03
PNG-M-RAM,PNG,Papua New Guinea,2015,4832214,3,2026-09-03
PNG-M-RAM,PNG,Papua New Guinea,2016,6205160,3,2026-09-03
PNG-M-RAM,PNG,Papua New Guinea,2017,4648791,3,2026-09-03
PNG-M-RAM,PNG,Papua New Guinea,2018,7407034.12,14,2026-09-03
PNG-M-RAM,PNG,Papua New Guinea,2019,10254930.66,16,2026-09-03
PNG-M-RAM,PNG,Papua New Guinea,2020,9497920.4,60,2026-09-03
PNG-M-RAM,PNG,Papua New Guinea,2021,14973712.33,48,2026-09-03
PNG-M-RAM,PNG,Papua New Guinea,2022,13823830.03,98,2026-09-03
PNG-M-RAM,PNG,Papua New Guinea,2023,12113773.55,77,2026-09-03
PNG-M-RAM,PNG,Papua New Guinea,2024,9818309.27,55,2026-09-03
PNG-M-RAM,PNG,Papua New Guinea,2025,8685470.99,36,2026-09-03
PNG-M-RAM,PNG,Papua New Guinea,2026,9022553.76,45,2026-09-03
PRK-810-G01-M,PRK,Korea (Democratic Peoples Republic),2010,8009220.09,1,2026-09-03
PRK-810-G01-M,PRK,Korea (Democratic Peoples Republic),2011,4738995.26,5,2026-09-03
PRK-810-G01-M,PRK,Korea (Democratic Peoples Republic),2012,3228669.41,3,2026-09-03
PRK-810-G01-M,PRK,Korea (Democratic Peoples Republic),2013,2706329,1,2026-09-03
PRK-810-G01-M,PRK,Korea (Democratic Peoples Republic),2014,6704605,3,2026-09-03
PRK-810-G01-M,PRK,Korea (Democratic Peoples Republic),2017,-253966.48,1,2026-09-03
PRK-M-UNICEF,PRK,Korea (Democratic Peoples Republic),2015,3430639,2,2026-09-03
PRK-M-UNICEF,PRK,Korea (Democratic Peoples Republic),2016,3629084,4,2026-09-03
PRK-M-UNICEF,PRK,Korea (Democratic Peoples Republic),2017,1743622,2,2026-09-03
PRK-M-UNICEF,PRK,Korea (Democratic Peoples Republic),2018,2314541.36,1,2026-09-03
PRK-M-UNICEF,PRK,Korea (Democratic Peoples Republic),2020,-899923.39,1,2026-09-03
PRY-M-OIM,PRY,Paraguay,2016,1517493,1,2026-09-03
PRY-M-OIM,PRY,Paraguay,2017,334089,3,2026-09-03
PRY-M-OIM,PRY,Paraguay,2018,931353.98,3,2026-09-03
QMG-M-PSI,MCEMMIE,Multicountry Americas EMMIE,2014,1941298,1,2026-09-03
QMG-M-PSI,MCEMMIE,Multicountry Americas EMMIE,2016,705661,1,2026-09-03
QMG-M-PSI,MCEMMIE,Multicountry Americas EMMIE,2017,7091074,4,2026-09-03
QMG-M-PSI,MCEMMIE,Multicountry Americas EMMIE,2018,51782,1,2026-09-03
QMG-M-PSI,MCEMMIE,Multicountry Americas EMMIE,2019,-50941.4,1,2026-09-03
QMJ-507-G05-M,MCWP,Multicountry Western Pacific,2007,1034198,1,2026-09-03
QMJ-507-G05-M,MCWP,Multicountry Western Pacific,2008,738713,2,2026-09-03
QMJ-507-G05-M,MCWP,Multicountry Western Pacific,2009,9994698.82,2,2026-09-03
QMJ-507-G05-M,MCWP,Multicountry Western Pacific,2010,4985783.77,1,2026-09-03
QMJ-507-G05-M,MCWP,Multicountry Western Pacific,2012,5568423,1,2026-09-03
QMJ-507-G05-M,MCWP,Multicountry Western Pacific,2013,2910811,1,2026-09-03
QMJ-507-G05-M,MCWP,Multicountry Western Pacific,2014,1485737,1,2026-09-03
QMJ-507-G05-M,MCWP,Multicountry Western Pacific,2015,-26983.95,1,2026-09-03
QNB-102-G01-M-00,QNB,Zanzibar,2003,162700,1,2026-09-03
QNB-102-G01-M-00,QNB,Zanzibar,2004,618520,1,2026-09-03
QNB-102-G01-M-00,QNB,Zanzibar,2006,371860,1,2026-09-03
QNB-404-G04-M,QNB,Zanzibar,2004,2792077,1,2026-09-03
QNB-404-G04-M,QNB,Zanzibar,2006,1067570,1,2026-09-03
QNB-404-G04-M,QNB,Zanzibar,2007,1411307,1,2026-09-03
QNB-404-G04-M,QNB,Zanzibar,2008,1770569.01,1,2026-09-03
QNB-404-G04-M,QNB,Zanzibar,2009,1397264.99,1,2026-09-03
QNB-404-G04-M,QNB,Zanzibar,2012,-198343.24,1,2026-09-03
QNB-404-G04-M,QNB,Zanzibar,2015,-212490,1,2026-09-03
QNB-M-MoH,QNB,Zanzibar,2015,279929,1,2026-09-03
QNB-M-MoH,QNB,Zanzibar,2016,1008204.36,9,2026-09-03
QNB-M-MoH,QNB,Zanzibar,2017,2513267.65,12,2026-09-03
QNB-M-MoH,QNB,Zanzibar,2018,1663622.97,14,2026-09-03
QNB-M-MoH,QNB,Zanzibar,2019,2025813.99,14,2026-09-03
QNB-M-MoH,QNB,Zanzibar,2020,1837185.06,13,2026-09-03
QNB-M-MoH,QNB,Zanzibar,2021,3475281.01,34,2026-09-03
QNB-M-MoH,QNB,Zanzibar,2022,1208416.85,25,2026-09-03
QNB-M-MoH,QNB,Zanzibar,2023,2349549.16,39,2026-09-03
QNB-M-MoH,QNB,Zanzibar,2024,3157369.07,37,2026-09-03
QNB-M-MoH,QNB,Zanzibar,2025,4068835.35,30,2026-09-03
QNB-M-MoH,QNB,Zanzibar,2026,1099745.58,23,2026-09-03
QPA-506-G02-M,MCRMCC,Multicountry Africa (RMCC),2006,1963942.69,1,2026-09-03
QPA-506-G02-M,MCRMCC,Multicountry Africa (RMCC),2007,2667192.11,1,2026-09-03
QPA-506-G02-M,MCRMCC,Multicountry Africa (RMCC),2008,1870006.04,2,2026-09-03
QPA-M-E8S,MCE8,Multicountry Southern Africa E8,2015,300066,1,2026-09-03
QPA-M-E8S,MCE8,Multicountry Southern Africa E8,2016,3870111.05,3,2026-09-03
QPA-M-E8S,MCE8,Multicountry Southern Africa E8,2017,4930807.39,5,2026-09-03
QPA-M-E8S,MCE8,Multicountry Southern Africa E8,2018,9685097,5,2026-09-03
QPA-M-E8S,MCE8,Multicountry Southern Africa E8,2019,6145532.44,11,2026-09-03
QPA-M-E8S,MCE8,Multicountry Southern Africa E8,2020,4015525.88,40,2026-09-03
QPA-M-E8S,MCE8,Multicountry Southern Africa E8,2021,3887382.44,21,2026-09-03
QPA-M-E8S,MCE8,Multicountry Southern Africa E8,2022,4252269.24,22,2026-09-03
QPA-M-E8S,MCE8,Multicountry Southern Africa E8,2023,2721309.73,36,2026-09-03
QPA-M-E8S,MCE8,Multicountry Southern Africa E8,2024,2296490.71,8,2026-09-03
QPA-M-E8S,MCE8,Multicountry Southern Africa E8,2025,182525,3,2026-09-03
QPA-M-LSDI,MCMOSASWA,Multicountry Southern Africa MOSASWA,2017,2164443,3,2026-09-03
QPA-M-LSDI,MCMOSASWA,Multicountry Southern Africa MOSASWA,2018,5152766.57,5,2026-09-03
QPA-M-LSDI,MCMOSASWA,Multicountry Southern Africa MOSASWA,2019,4699065.58,5,2026-09-03
QPA-M-LSDI,MCMOSASWA,Multicountry Southern Africa MOSASWA,2020,9695387.58,16,2026-09-03
QPA-M-LSDI,MCMOSASWA,Multicountry Southern Africa MOSASWA,2021,6208985.57,15,2026-09-03
QPA-M-LSDI,MCMOSASWA,Multicountry Southern Africa MOSASWA,2022,11327586.1,25,2026-09-03
QPA-M-LSDI,MCMOSASWA,Multicountry Southern Africa MOSASWA,2023,11865586.42,21,2026-09-03
QPA-M-LSDI,MCMOSASWA,Multicountry Southern Africa MOSASWA,2024,7041846.29,5,2026-09-03
QPA-M-LSDI,MCMOSASWA,Multicountry Southern Africa MOSASWA,2025,12679487.03,6,2026-09-03
QPA-M-LSDI,MCMOSASWA,Multicountry Southern Africa MOSASWA,2026,4948313.97,3,2026-09-03
QRA-M-IDB,MCEMMIE,Multicountry Americas EMMIE,2018,6000000,1,2026-09-03
QRA-M-IDB,MCEMMIE,Multicountry Americas EMMIE,2021,1499974,1,2026-09-03
QRA-M-IDB,MCEMMIE,Multicountry Americas EMMIE,2022,1538546,1,2026-09-03
QRD-305-G01-M,MCANDEAN,Multicountry Americas (Andean),2005,4063513,1,2026-09-03
QRD-305-G01-M,MCANDEAN,Multicountry Americas (Andean),2006,1652266,2,2026-09-03
QRD-305-G01-M,MCANDEAN,Multicountry Americas (Andean),2007,7303785,3,2026-09-03
QRD-305-G01-M,MCANDEAN,Multicountry Americas (Andean),2008,5080949,4,2026-09-03
QRD-305-G01-M,MCANDEAN,Multicountry Americas (Andean),2009,5435644,3,2026-09-03
QRD-305-G01-M,MCANDEAN,Multicountry Americas (Andean),2010,1080206,1,2026-09-03
QRD-305-G01-M,MCANDEAN,Multicountry Americas (Andean),2011,-700000,1,2026-09-03
QRD-305-G01-M,MCANDEAN,Multicountry Americas (Andean),2012,-139449,1,2026-09-03
QSE-M-UNOPS,MCRAI,Multicountry East Asia and Pacific RAI,2014,33462126,3,2026-09-03
QSE-M-UNOPS,MCRAI,Multicountry East Asia and Pacific RAI,2015,38240460.85,5,2026-09-03
QSE-M-UNOPS,MCRAI,Multicountry East Asia and Pacific RAI,2016,17284260.89,7,2026-09-03
QSE-M-UNOPS,MCRAI,Multicountry East Asia and Pacific RAI,2017,34009530.84,7,2026-09-03
QSE-M-UNOPS,MCRAI,Multicountry East Asia and Pacific RAI,2018,47120067.73,7,2026-09-03
QSE-M-UNOPS,MCRAI,Multicountry East Asia and Pacific RAI,2019,82313095.36,10,2026-09-03
QSE-M-UNOPS,MCRAI,Multicountry East Asia and Pacific RAI,2020,88765214.43,11,2026-09-03
QSE-M-UNOPS,MCRAI,Multicountry East Asia and Pacific RAI,2021,123453331.24,17,2026-09-03
QSE-M-UNOPS,MCRAI,Multicountry East Asia and Pacific RAI,2022,50784148.94,8,2026-09-03
QSE-M-UNOPS,MCRAI,Multicountry East Asia and Pacific RAI,2023,75766254.3,12,2026-09-03
QSE-M-UNOPS,MCRAI,Multicountry East Asia and Pacific RAI,2024,23719633.73,6,2026-09-03
QSE-M-UNOPS,MCRAI,Multicountry East Asia and Pacific RAI,2025,16520719,5,2026-09-03
QSE-M-UNOPS,MCRAI,Multicountry East Asia and Pacific RAI,2026,1500000,1,2026-09-03
QUA-202-G02-M-00,MCWP,Multicountry Western Pacific,2003,941500,2,2026-09-03
QUA-202-G02-M-00,MCWP,Multicountry Western Pacific,2004,1275988,2,2026-09-03
QUA-202-G02-M-00,MCWP,Multicountry Western Pacific,2005,957660,2,2026-09-03
QUA-202-G02-M-00,MCWP,Multicountry Western Pacific,2006,744283,2,2026-09-03
QUA-202-G02-M-00,MCWP,Multicountry Western Pacific,2007,255576.55,1,2026-09-03
QUA-506-G04-M,MCWP,Multicountry Western Pacific,2006,1864523,1,2026-09-03
QUA-506-G04-M,MCWP,Multicountry Western Pacific,2007,497385,1,2026-09-03
QUA-M-UNDP,MCWP,Multicountry Western Pacific,2015,790326,1,2026-09-03
QUA-M-UNDP,MCWP,Multicountry Western Pacific,2016,885757,2,2026-09-03
QUA-M-UNDP,MCWP,Multicountry Western Pacific,2017,980970,4,2026-09-03
QUA-M-UNDP,MCWP,Multicountry Western Pacific,2018,532726.48,4,2026-09-03
QUA-M-UNDP,MCWP,Multicountry Western Pacific,2019,422582.77,3,2026-09-03
QUA-M-UNDP,MCWP,Multicountry Western Pacific,2020,396934.75,4,2026-09-03
QUA-M-UNDP,MCWP,Multicountry Western Pacific,2021,1261022.87,4,2026-09-03
QUA-M-UNDP,MCWP,Multicountry Western Pacific,2022,1019167.14,4,2026-09-03
QUA-M-UNDP,MCWP,Multicountry Western Pacific,2023,593363.67,4,2026-09-03
QUA-M-UNDP,MCWP,Multicountry Western Pacific,2024,904639.9,1,2026-09-03
QUA-M-UNDP,MCWP,Multicountry Western Pacific,2025,759717.24,5,2026-09-03
QUA-M-UNDP,MCWP,Multicountry Western Pacific,2026,263306.71,2,2026-09-03
RWA-304-G03-M,RWA,Rwanda,2004,7428843,1,2026-09-03
RWA-304-G03-M,RWA,Rwanda,2005,4395064,1,2026-09-03
RWA-304-G03-M,RWA,Rwanda,2006,5770507,2,2026-09-03
RWA-304-G03-M,RWA,Rwanda,2007,81818,1,2026-09-03
RWA-304-G03-M,RWA,Rwanda,2008,8251647,1,2026-09-03
RWA-304-G03-M,RWA,Rwanda,2009,6486616,2,2026-09-03
RWA-304-G03-M,RWA,Rwanda,2010,5851529,2,2026-09-03
RWA-304-G03-M,RWA,Rwanda,2011,4023886,1,2026-09-03
RWA-506-G06-M,RWA,Rwanda,2006,26830996,2,2026-09-03
RWA-506-G06-M,RWA,Rwanda,2007,1309775,1,2026-09-03
RWA-506-G06-M,RWA,Rwanda,2008,11008731,1,2026-09-03
RWA-506-G06-M,RWA,Rwanda,2014,-33566.41,1,2026-09-03
RWA-809-G10-M,RWA,Rwanda,2009,35985693,1,2026-09-03
RWA-809-G10-M,RWA,Rwanda,2010,14629569,2,2026-09-03
RWA-M-MOH,RWA,Rwanda,2015,10893839,3,2026-09-03
RWA-M-MOH,RWA,Rwanda,2016,21756393.29,9,2026-09-03
RWA-M-MOH,RWA,Rwanda,2017,16690319.71,14,2026-09-03
RWA-M-MOH,RWA,Rwanda,2018,9931433,4,2026-09-03
RWA-M-MOH,RWA,Rwanda,2019,34528150,4,2026-09-03
RWA-M-MOH,RWA,Rwanda,2020,24011230,4,2026-09-03
RWA-M-MOH,RWA,Rwanda,2021,29320993.92,4,2026-09-03
RWA-M-MOH,RWA,Rwanda,2022,17150321.13,5,2026-09-03
RWA-M-MOH,RWA,Rwanda,2023,21516492.12,3,2026-09-03
RWA-M-MOH,RWA,Rwanda,2024,15126513.83,4,2026-09-03
RWA-M-MOH,RWA,Rwanda,2025,10279469,6,2026-09-03
RWA-M-MOH,RWA,Rwanda,2026,10262651,3,2026-09-03
RWN-M-MoH,RWA,Rwanda,2011,12971765,1,2026-09-03
RWN-M-MoH,RWA,Rwanda,2012,26012739,3,2026-09-03
RWN-M-MoH,RWA,Rwanda,2013,22881569,2,2026-09-03
RWN-M-MoH,RWA,Rwanda,2014,15460748,3,2026-09-03
SDN-202-G03-M-00,SDN,Sudan,2005,8263670.16,1,2026-09-03
SDN-202-G03-M-00,SDN,Sudan,2006,5803152,2,2026-09-03
SDN-202-G03-M-00,SDN,Sudan,2007,5906982,2,2026-09-03
SDN-202-G03-M-00,SDN,Sudan,2008,12440620,2,2026-09-03
SDN-202-G03-M-00,SDN,Sudan,2009,663618.16,1,2026-09-03
SDN-202-G03-M-00,SDN,Sudan,2014,-3279340.25,3,2026-09-03
SDN-202-G03-M-00,SDN,Sudan,2015,-21011.59,1,2026-09-03
SDN-M-MOH,SDN,Sudan,2018,32608115.55,8,2026-09-03
SDN-M-MOH,SDN,Sudan,2019,44291754.71,17,2026-09-03
SDN-M-MOH,SDN,Sudan,2020,47483984.54,14,2026-09-03
SDN-M-MOH,SDN,Sudan,2021,71455451.41,15,2026-09-03
SDN-M-MOH,SDN,Sudan,2022,22573389.89,16,2026-09-03
SDN-M-MOH,SDN,Sudan,2023,17077986.93,8,2026-09-03
SDN-M-MOH,SDN,Sudan,2024,3701967.34,4,2026-09-03
SDN-M-MOH,SDN,Sudan,2025,-5117143.66,8,2026-09-03
SDN-M-UNDP,SDN,Sudan,2015,45558888,2,2026-09-03
SDN-M-UNDP,SDN,Sudan,2016,53412091,3,2026-09-03
SDN-M-UNDP,SDN,Sudan,2017,10254656.53,2,2026-09-03
SDN-M-UNDP,SDN,Sudan,2018,2367661.41,3,2026-09-03
SDN-M-UNDP,SDN,Sudan,2021,663369.75,1,2026-09-03
SDN-M-UNICEF,SDN,Sudan,2024,54573578,1,2026-09-03
SDN-M-UNICEF,SDN,Sudan,2025,32025437.22,5,2026-09-03
SDN-M-UNICEF,SDN,Sudan,2026,17222860.47,4,2026-09-03
SEN-102-G02-M-00,SEN,Senegal,2003,500000,2,2026-09-03
SEN-102-G02-M-00,SEN,Senegal,2004,1026770,1,2026-09-03
SEN-405-G03-M,SEN,Senegal,2005,10634063,3,2026-09-03
SEN-405-G03-M,SEN,Senegal,2006,8958050.7,5,2026-09-03
SEN-405-G03-M,SEN,Senegal,2007,1063231,1,2026-09-03
SEN-405-G03-M,SEN,Senegal,2008,3042183,3,2026-09-03
SEN-405-G03-M,SEN,Senegal,2010,476453,2,2026-09-03
SEN-405-G03-M,SEN,Senegal,2012,-2898954.78,2,2026-09-03
SEN-405-G03-M,SEN,Senegal,2014,561000,2,2026-09-03
SEN-405-G03-M,SEN,Senegal,2015,-98149.6,1,2026-09-03
SEN-405-G03-M,SEN,Senegal,2017,-262424.49,1,2026-09-03
SEN-708-G07-M,SEN,Senegal,2008,2539939.92,2,2026-09-03
SEN-708-G07-M,SEN,Senegal,2009,13397104.56,5,2026-09-03
SEN-708-G07-M,SEN,Senegal,2010,2060293.08,1,2026-09-03
SEN-708-G07-M,SEN,Senegal,2011,1140910.1,1,2026-09-03
SEN-708-G07-M,SEN,Senegal,2012,2899741.22,2,2026-09-03
SEN-708-G07-M,SEN,Senegal,2017,-17263.7,1,2026-09-03
SEN-M-IntraH,SEN,Senegal,2015,1861512.08,1,2026-09-03
SEN-M-IntraH,SEN,Senegal,2016,9199809.27,4,2026-09-03
SEN-M-IntraH,SEN,Senegal,2017,4035406.32,5,2026-09-03
SEN-M-IntraH,SEN,Senegal,2018,-262861.41,1,2026-09-03
SEN-M-IntraH,SEN,Senegal,2019,-113352.31,3,2026-09-03
SEN-M-PNLP,SEN,Senegal,2015,18001026.48,6,2026-09-03
SEN-M-PNLP,SEN,Senegal,2016,3127647.5,12,2026-09-03
SEN-M-PNLP,SEN,Senegal,2017,3328551.54,8,2026-09-03
SEN-M-PNLP,SEN,Senegal,2018,12297944.42,28,2026-09-03
SEN-M-PNLP,SEN,Senegal,2019,11648882.48,13,2026-09-03
SEN-M-PNLP,SEN,Senegal,2020,10496154.77,25,2026-09-03
SEN-M-PNLP,SEN,Senegal,2021,943822.62,7,2026-09-03
SEN-M-PNLP,SEN,Senegal,2022,-821047.42,2,2026-09-03
SEN-M-PNLP,SEN,Senegal,2024,-119722.04,1,2026-09-03
SLB-M-MHMS,SLB,Solomon Islands,2015,682022.59,5,2026-09-03
SLB-M-MHMS,SLB,Solomon Islands,2016,2437860.87,19,2026-09-03
SLB-M-MHMS,SLB,Solomon Islands,2017,1003286.83,22,2026-09-03
SLB-M-MHMS,SLB,Solomon Islands,2018,1729636.18,32,2026-09-03
SLB-M-MHMS,SLB,Solomon Islands,2019,1959252.24,25,2026-09-03
SLB-M-MHMS,SLB,Solomon Islands,2020,517940.72,13,2026-09-03
SLB-M-MHMS,SLB,Solomon Islands,2021,2171035.87,37,2026-09-03
SLB-M-MHMS,SLB,Solomon Islands,2022,3177289.2,50,2026-09-03
SLB-M-MHMS,SLB,Solomon Islands,2023,604460.63,19,2026-09-03
SLB-M-MHMS,SLB,Solomon Islands,2024,788646.24,5,2026-09-03
SLB-M-MHMS,SLB,Solomon Islands,2025,378661.73,5,2026-09-03
SLB-M-MHMS,SLB,Solomon Islands,2026,4884.02,2,2026-09-03
SLE-405-G03-M,SLE,Sierra Leone,2005,2043498,1,2026-09-03
SLE-405-G03-M,SLE,Sierra Leone,2006,3985298,2,2026-09-03
SLE-405-G03-M,SLE,Sierra Leone,2007,927301,1,2026-09-03
SLE-708-G05-M,SLE,Sierra Leone,2008,4840240,1,2026-09-03
SLE-708-G05-M,SLE,Sierra Leone,2009,2794509.37,1,2026-09-03
SLE-708-G05-M,SLE,Sierra Leone,2010,799742.83,1,2026-09-03
SLE-708-G05-M,SLE,Sierra Leone,2011,3882798,2,2026-09-03
SLE-M-CRS,SLE,Sierra Leone,2011,1696602,1,2026-09-03
SLE-M-CRS,SLE,Sierra Leone,2012,2991631,1,2026-09-03
SLE-M-CRS,SLE,Sierra Leone,2013,1454774.31,3,2026-09-03
SLE-M-CRS,SLE,Sierra Leone,2014,2064718.65,1,2026-09-03
SLE-M-CRS,SLE,Sierra Leone,2015,838161.5,2,2026-09-03
SLE-M-CRS,SLE,Sierra Leone,2016,2530602.01,2,2026-09-03
SLE-M-CRS,SLE,Sierra Leone,2017,1488059,3,2026-09-03
SLE-M-CRS,SLE,Sierra Leone,2018,1442218.77,2,2026-09-03
SLE-M-CRS,SLE,Sierra Leone,2019,1216640.72,2,2026-09-03
SLE-M-CRS,SLE,Sierra Leone,2020,794970.39,3,2026-09-03
SLE-M-CRS,SLE,Sierra Leone,2021,2434082.76,2,2026-09-03
SLE-M-MOHS,SLE,Sierra Leone,2011,8197219.6,3,2026-09-03
SLE-M-MOHS,SLE,Sierra Leone,2013,4759738.73,9,2026-09-03
SLE-M-MOHS,SLE,Sierra Leone,2014,11723360.28,11,2026-09-03
SLE-M-MOHS,SLE,Sierra Leone,2015,5339241.56,16,2026-09-03
SLE-M-MOHS,SLE,Sierra Leone,2016,3012934.61,14,2026-09-03
SLE-M-MOHS,SLE,Sierra Leone,2022,-118669.83,1,2026-09-03
SLV-M-MOH,SLV,El Salvador,2017,939921,4,2026-09-03
SLV-M-MOH,SLV,El Salvador,2018,636619,3,2026-09-03
SLV-M-MOH,SLV,El Salvador,2019,217471.28,2,2026-09-03
SLV-M-MOH,SLV,El Salvador,2020,67748.89,1,2026-09-03
SLV-M-MOH,SLV,El Salvador,2021,-6438.7,1,2026-09-03
SNG-M-IH,SEN,Senegal,2012,2921506.27,1,2026-09-03
SNG-M-IH,SEN,Senegal,2013,1420320.65,1,2026-09-03
SNG-M-IH,SEN,Senegal,2014,5201126.35,3,2026-09-03
SNG-M-IH,SEN,Senegal,2017,-22383.44,1,2026-09-03
SNG-M-PNLP,SEN,Senegal,2012,19597889.34,3,2026-09-03
SNG-M-PNLP,SEN,Senegal,2013,2241806.54,6,2026-09-03
SNG-M-PNLP,SEN,Senegal,2014,16482444.95,7,2026-09-03
SOM-012-G07-M,SOM,Somalia,2012,19443202,1,2026-09-03
SOM-012-G07-M,SOM,Somalia,2013,2344377.49,1,2026-09-03
SOM-012-G07-M,SOM,Somalia,2014,9672383.66,3,2026-09-03
SOM-012-G07-M,SOM,Somalia,2015,2959726.71,1,2026-09-03
SOM-012-G07-M,SOM,Somalia,2017,-561110.19,1,2026-09-03
SOM-202-G01-M-00,SOM,Somalia,2004,4682032,1,2026-09-03
SOM-202-G01-M-00,SOM,Somalia,2005,3872872,2,2026-09-03
SOM-202-G01-M-00,SOM,Somalia,2006,4331509,3,2026-09-03
SOM-202-G01-M-00,SOM,Somalia,2012,-43722,1,2026-09-03
SOM-202-G01-M-00,SOM,Somalia,2013,-77749.91,1,2026-09-03
SOM-607-G04-M,SOM,Somalia,2007,6482615,1,2026-09-03
SOM-607-G04-M,SOM,Somalia,2008,3784479.7,1,2026-09-03
SOM-607-G04-M,SOM,Somalia,2009,1959262.61,1,2026-09-03
SOM-607-G04-M,SOM,Somalia,2010,5223275,2,2026-09-03
SOM-607-G04-M,SOM,Somalia,2011,2594870.3,2,2026-09-03
SOM-607-G04-M,SOM,Somalia,2012,2660014,1,2026-09-03
SOM-607-G04-M,SOM,Somalia,2015,-59016.46,1,2026-09-03
SOM-M-UNICEF,SOM,Somalia,2015,7128491,2,2026-09-03
SOM-M-UNICEF,SOM,Somalia,2016,9433517,2,2026-09-03
SOM-M-UNICEF,SOM,Somalia,2017,16528910,4,2026-09-03
SOM-M-UNICEF,SOM,Somalia,2018,7501955,4,2026-09-03
SOM-M-UNICEF,SOM,Somalia,2019,4246684.76,5,2026-09-03
SOM-M-UNICEF,SOM,Somalia,2020,10292652,3,2026-09-03
SOM-M-UNICEF,SOM,Somalia,2021,13499724.27,2,2026-09-03
SOM-M-UNICEF,SOM,Somalia,2022,13738112.01,4,2026-09-03
SOM-M-UNICEF,SOM,Somalia,2023,31889805.32,9,2026-09-03
SOM-M-UNICEF,SOM,Somalia,2024,20820118,4,2026-09-03
SOM-M-UNICEF,SOM,Somalia,2025,15795386.58,9,2026-09-03
SOM-M-UNICEF,SOM,Somalia,2026,5982882.15,5,2026-09-03
SRL-102-G02-M-00,LKA,Sri Lanka,2003,2222650,3,2026-09-03
SRL-102-G02-M-00,LKA,Sri Lanka,2004,1457512,1,2026-09-03
SRL-102-G02-M-00,LKA,Sri Lanka,2008,953725.17,1,2026-09-03
SRL-102-G02-M-00,LKA,Sri Lanka,2015,-220468.66,2,2026-09-03
SRL-102-G02-M-00,LKA,Sri Lanka,2016,-17079.89,1,2026-09-03
SRL-809-G10-M,LKA,Sri Lanka,2009,1836422,1,2026-09-03
SRL-809-G10-M,LKA,Sri Lanka,2010,4791600,2,2026-09-03
SRL-809-G10-M,LKA,Sri Lanka,2011,746789,1,2026-09-03
SRL-809-G10-M,LKA,Sri Lanka,2012,932227.78,2,2026-09-03
SRL-809-G10-M,LKA,Sri Lanka,2013,1568393,2,2026-09-03
SRL-809-G10-M,LKA,Sri Lanka,2014,1024002,2,2026-09-03
SRL-809-G10-M,LKA,Sri Lanka,2015,634615,2,2026-09-03
SRL-809-G10-M,LKA,Sri Lanka,2017,-4316.51,1,2026-09-03
SRL-809-G10-M,LKA,Sri Lanka,2018,-1048.04,2,2026-09-03
SRL-809-G12-M,LKA,Sri Lanka,2009,1471303,2,2026-09-03
SRL-809-G12-M,LKA,Sri Lanka,2011,2763645,3,2026-09-03
SRL-809-G12-M,LKA,Sri Lanka,2012,264758,1,2026-09-03
SRL-809-G12-M,LKA,Sri Lanka,2013,370211,2,2026-09-03
SRL-809-G12-M,LKA,Sri Lanka,2014,547300.16,2,2026-09-03
SRL-809-G12-M,LKA,Sri Lanka,2015,-18463.35,2,2026-09-03
SRL-809-G12-M,LKA,Sri Lanka,2016,-25186.43,2,2026-09-03
SSD-202-G01-M-00,SSD,South Sudan,2004,4903414,1,2026-09-03
SSD-202-G01-M-00,SSD,South Sudan,2005,3118775,1,2026-09-03
SSD-202-G01-M-00,SSD,South Sudan,2006,2073916,1,2026-09-03
SSD-202-G01-M-00,SSD,South Sudan,2007,5224070,1,2026-09-03
SSD-202-G01-M-00,SSD,South Sudan,2008,2484931,1,2026-09-03
SSD-202-G01-M-00,SSD,South Sudan,2009,6857212,3,2026-09-03
SSD-202-G01-M-00,SSD,South Sudan,2010,405342,1,2026-09-03
SSD-202-G01-M-00,SSD,South Sudan,2013,-237602.41,1,2026-09-03
SSD-708-G09-M,SSD,South Sudan,2008,19591964,1,2026-09-03
SSD-708-G09-M,SSD,South Sudan,2009,6523430.68,1,2026-09-03
SSD-708-G09-M,SSD,South Sudan,2010,7384674.82,1,2026-09-03
SSD-708-G09-M,SSD,South Sudan,2011,21833064.5,2,2026-09-03
SSD-M-IBRD,SSD,South Sudan,2025,22900000,2,2026-09-03
SSD-M-PSI,SSD,South Sudan,2012,26978048,1,2026-09-03
SSD-M-PSI,SSD,South Sudan,2013,8953974,1,2026-09-03
SSD-M-PSI,SSD,South Sudan,2014,14253512,2,2026-09-03
SSD-M-PSI,SSD,South Sudan,2015,28351901.62,7,2026-09-03
SSD-M-PSI,SSD,South Sudan,2016,6358496,1,2026-09-03
SSD-M-PSI,SSD,South Sudan,2017,22712787,6,2026-09-03
SSD-M-PSI,SSD,South Sudan,2018,11119478.78,6,2026-09-03
SSD-M-PSI,SSD,South Sudan,2019,12385840.63,5,2026-09-03
SSD-M-PSI,SSD,South Sudan,2020,13961689.09,4,2026-09-03
SSD-M-PSI,SSD,South Sudan,2021,4894421,1,2026-09-03
SSD-M-PSI,SSD,South Sudan,2022,1168046.97,2,2026-09-03
SSD-M-PSI,SSD,South Sudan,2024,981115.2,1,2026-09-03
SSD-M-PSI,SSD,South Sudan,2025,730179.55,1,2026-09-03
SSD-M-UNICEF,SSD,South Sudan,2021,34061747,3,2026-09-03
SSD-M-UNICEF,SSD,South Sudan,2022,9192876,4,2026-09-03
SSD-M-UNICEF,SSD,South Sudan,2023,8344225.4,3,2026-09-03
SSD-M-UNICEF,SSD,South Sudan,2024,9267163.33,4,2026-09-03
SSD-M-UNICEF,SSD,South Sudan,2025,4844227,4,2026-09-03
SSD-M-UNICEF,SSD,South Sudan,2026,8931186.04,2,2026-09-03
STP-405-G01-M,STP,Sao Tome and Principe,2005,1051345.11,3,2026-09-03
STP-405-G01-M,STP,Sao Tome and Principe,2006,834299.44,4,2026-09-03
STP-405-G01-M,STP,Sao Tome and Principe,2007,394662.15,3,2026-09-03
STP-405-G01-M,STP,Sao Tome and Principe,2008,668048.85,3,2026-09-03
STP-405-G01-M,STP,Sao Tome and Principe,2009,75856.89,1,2026-09-03
STP-405-G01-M,STP,Sao Tome and Principe,2010,386586,1,2026-09-03
STP-708-G03-M,STP,Sao Tome and Principe,2008,1756733,1,2026-09-03
STP-708-G03-M,STP,Sao Tome and Principe,2010,673514,1,2026-09-03
STP-M-UNDP,STP,Sao Tome and Principe,2011,1571589,1,2026-09-03
STP-M-UNDP,STP,Sao Tome and Principe,2013,3699517,1,2026-09-03
STP-M-UNDP,STP,Sao Tome and Principe,2014,3306066,2,2026-09-03
STP-M-UNDP,STP,Sao Tome and Principe,2015,1088458,1,2026-09-03
STP-M-UNDP,STP,Sao Tome and Principe,2016,2827056,2,2026-09-03
STP-M-UNDP,STP,Sao Tome and Principe,2017,2912648,2,2026-09-03
STP-M-UNDP,STP,Sao Tome and Principe,2019,-509552.69,1,2026-09-03
SUR-404-G02-M,SUR,Suriname,2005,1511350,2,2026-09-03
SUR-404-G02-M,SUR,Suriname,2006,848802,1,2026-09-03
SUR-404-G02-M,SUR,Suriname,2007,1037216.54,3,2026-09-03
SUR-404-G02-M,SUR,Suriname,2008,875248.13,3,2026-09-03
SUR-404-G02-M,SUR,Suriname,2009,295685,1,2026-09-03
SUR-404-G02-M,SUR,Suriname,2010,289602,1,2026-09-03
SUR-404-G02-M,SUR,Suriname,2011,-195729.81,1,2026-09-03
SUR-708-G04-M,SUR,Suriname,2009,1440500,2,2026-09-03
SUR-708-G04-M,SUR,Suriname,2010,545703,1,2026-09-03
SUR-708-G04-M,SUR,Suriname,2011,906678.81,7,2026-09-03
SUR-708-G04-M,SUR,Suriname,2012,355313,2,2026-09-03
SUR-708-G04-M,SUR,Suriname,2013,549463,1,2026-09-03
SUR-708-G04-M,SUR,Suriname,2014,158751,1,2026-09-03
SUR-708-G04-M,SUR,Suriname,2016,-41674.17,1,2026-09-03
SUR-M-MoH,SUR,Suriname,2015,1274513,1,2026-09-03
SUR-M-MoH,SUR,Suriname,2016,205545,1,2026-09-03
SUR-M-MoH,SUR,Suriname,2017,1143023,3,2026-09-03
SUR-M-MoH,SUR,Suriname,2018,819903.7,5,2026-09-03
SUR-M-MoH,SUR,Suriname,2019,655335.29,4,2026-09-03
SUR-M-MoH,SUR,Suriname,2020,913854.01,5,2026-09-03
SUR-M-MoH,SUR,Suriname,2021,975224.82,3,2026-09-03
SUR-M-MoH,SUR,Suriname,2022,1001911.67,8,2026-09-03
SUR-M-MoH,SUR,Suriname,2023,1565296.15,7,2026-09-03
SUR-M-MoH,SUR,Suriname,2024,855779.8,2,2026-09-03
SUR-M-MoH,SUR,Suriname,2025,1032019.41,6,2026-09-03
SUR-M-MoH,SUR,Suriname,2026,382226.49,3,2026-09-03
SWZ-202-G02-M-00,SWZ,Eswatini,2003,383000,2,2026-09-03
SWZ-202-G02-M-00,SWZ,Eswatini,2005,231500,1,2026-09-03
SWZ-202-G02-M-00,SWZ,Eswatini,2006,393800,1,2026-09-03
SWZ-202-G02-M-00,SWZ,Eswatini,2007,129215,1,2026-09-03
SWZ-202-G02-M-00,SWZ,Eswatini,2008,294218.27,1,2026-09-03
SWZ-202-G02-M-00,SWZ,Eswatini,2009,45594.41,1,2026-09-03
SWZ-809-G06-M,SWZ,Eswatini,2009,2561699.8,2,2026-09-03
SWZ-809-G06-M,SWZ,Eswatini,2010,1377144.37,3,2026-09-03
SWZ-809-G06-M,SWZ,Eswatini,2012,1116084.48,3,2026-09-03
SWZ-809-G06-M,SWZ,Eswatini,2013,1336085.47,4,2026-09-03
SWZ-809-G06-M,SWZ,Eswatini,2015,-9241.91,2,2026-09-03
SWZ-M-NERCHA,SWZ,Eswatini,2014,1654211,1,2026-09-03
SWZ-M-NERCHA,SWZ,Eswatini,2016,860970.62,2,2026-09-03
SWZ-M-NERCHA,SWZ,Eswatini,2017,1649319.4,3,2026-09-03
SWZ-M-NERCHA,SWZ,Eswatini,2018,579779.65,3,2026-09-03
SWZ-M-NERCHA,SWZ,Eswatini,2019,836279.64,3,2026-09-03
SWZ-M-NERCHA,SWZ,Eswatini,2020,565771,3,2026-09-03
SWZ-M-NERCHA,SWZ,Eswatini,2021,1260814.47,16,2026-09-03
SWZ-M-NERCHA,SWZ,Eswatini,2022,1228475.06,18,2026-09-03
SWZ-M-NERCHA,SWZ,Eswatini,2023,762434.58,15,2026-09-03
SWZ-M-NERCHA,SWZ,Eswatini,2024,511828.93,16,2026-09-03
SWZ-M-NERCHA,SWZ,Eswatini,2025,861454.92,20,2026-09-03
SWZ-M-NERCHA,SWZ,Eswatini,2026,699649.72,5,2026-09-03
TAJ-809-G08-M,TJK,Tajikistan,2009,2887524.09,1,2026-09-03
TAJ-809-G08-M,TJK,Tajikistan,2010,1841461.74,1,2026-09-03
TAJ-809-G08-M,TJK,Tajikistan,2011,3262681.44,2,2026-09-03
TAJ-809-G08-M,TJK,Tajikistan,2012,2265788.75,2,2026-09-03
TAJ-809-G08-M,TJK,Tajikistan,2013,1308105.64,2,2026-09-03
TAJ-809-G08-M,TJK,Tajikistan,2014,1032277,1,2026-09-03
TAJ-809-G08-M,TJK,Tajikistan,2015,310931,2,2026-09-03
TAJ-809-G08-M,TJK,Tajikistan,2018,-45213.5,1,2026-09-03
TCD-708-G03-M,TCD,Chad,2009,4644508.79,3,2026-09-03
TCD-708-G03-M,TCD,Chad,2010,4465962.72,4,2026-09-03
TCD-910-G08-M,TCD,Chad,2010,18609427.71,1,2026-09-03
TCD-910-G08-M,TCD,Chad,2011,0,2,2026-09-03
TCD-910-G08-M,TCD,Chad,2015,-1178504.87,1,2026-09-03
TCD-M-MOH,TCD,Chad,2021,1121789,1,2026-09-03
TCD-M-MOH,TCD,Chad,2022,15390188.67,41,2026-09-03
TCD-M-MOH,TCD,Chad,2023,8310760.08,21,2026-09-03
TCD-M-MOH,TCD,Chad,2024,13998270.83,14,2026-09-03
TCD-M-MOH,TCD,Chad,2025,4787525.94,10,2026-09-03
TCD-M-MOH,TCD,Chad,2026,-2089544,2,2026-09-03
TCD-M-UNDP,TCD,Chad,2011,4057782.06,1,2026-09-03
TCD-M-UNDP,TCD,Chad,2013,8884107.65,2,2026-09-03
TCD-M-UNDP,TCD,Chad,2014,6585005.85,2,2026-09-03
TCD-M-UNDP,TCD,Chad,2015,5815589.43,1,2026-09-03
TCD-M-UNDP,TCD,Chad,2016,40398831.1,1,2026-09-03
TCD-M-UNDP,TCD,Chad,2017,19345357.6,3,2026-09-03
TCD-M-UNDP,TCD,Chad,2018,19801851.69,6,2026-09-03
TCD-M-UNDP,TCD,Chad,2019,38298722.13,4,2026-09-03
TCD-M-UNDP,TCD,Chad,2020,13170622.89,2,2026-09-03
TCD-M-UNDP,TCD,Chad,2021,22142636.57,4,2026-09-03
TCD-M-UNDP,TCD,Chad,2022,27819441.69,5,2026-09-03
TCD-M-UNDP,TCD,Chad,2023,16746564.97,9,2026-09-03
TCD-M-UNDP,TCD,Chad,2024,10365049.28,5,2026-09-03
TCD-M-UNDP,TCD,Chad,2025,9926416.07,8,2026-09-03
TCD-M-UNDP,TCD,Chad,2026,3305941.79,1,2026-09-03
TCD-T13-G09-M,TCD,Chad,2013,25790026.21,4,2026-09-03
TCD-T13-G09-M,TCD,Chad,2014,6256258.44,6,2026-09-03
TCD-T13-G09-M,TCD,Chad,2015,12085.55,1,2026-09-03
TCD-T13-G09-M,TCD,Chad,2017,-2628987.21,1,2026-09-03
TGO-304-G02-M,TGO,Togo,2004,2146271,2,2026-09-03
TGO-304-G02-M,TGO,Togo,2005,700000,1,2026-09-03
TGO-304-G02-M,TGO,Togo,2006,633065,1,2026-09-03
TGO-304-G02-M,TGO,Togo,2007,741529.06,2,2026-09-03
TGO-304-G02-M,TGO,Togo,2008,1635970.4,3,2026-09-03
TGO-304-G02-M,TGO,Togo,2012,-139349.75,1,2026-09-03
TGO-304-G02-M,TGO,Togo,2013,-1129.7,1,2026-09-03
TGO-405-G05-M,TGO,Togo,2005,3656862,1,2026-09-03
TGO-405-G05-M,TGO,Togo,2007,801167.24,1,2026-09-03
TGO-405-G05-M,TGO,Togo,2008,2827404.71,3,2026-09-03
TGO-405-G05-M,TGO,Togo,2009,2981812.2,3,2026-09-03
TGO-405-G05-M,TGO,Togo,2010,399838.83,1,2026-09-03
TGO-405-G05-M,TGO,Togo,2012,-270156.26,1,2026-09-03
TGO-405-G05-M,TGO,Togo,2013,-2950.68,1,2026-09-03
TGO-607-G06-M,TGO,Togo,2007,3384346.5,1,2026-09-03
TGO-607-G06-M,TGO,Togo,2008,586958.75,1,2026-09-03
TGO-607-G06-M,TGO,Togo,2009,1522124.45,4,2026-09-03
TGO-607-G06-M,TGO,Togo,2010,3208507.5,2,2026-09-03
TGO-607-G06-M,TGO,Togo,2012,-453717.69,1,2026-09-03
TGO-607-G06-M,TGO,Togo,2013,-843901.68,4,2026-09-03
TGO-607-G06-M,TGO,Togo,2014,-790981.24,1,2026-09-03
TGO-910-G10-M,TGO,Togo,2010,5177483.94,1,2026-09-03
TGO-910-G10-M,TGO,Togo,2011,13337814.08,1,2026-09-03
TGO-910-G10-M,TGO,Togo,2012,1139744.1,2,2026-09-03
TGO-910-G10-M,TGO,Togo,2013,18179300.02,4,2026-09-03
TGO-910-G10-M,TGO,Togo,2014,5877822.35,4,2026-09-03
TGO-910-G10-M,TGO,Togo,2015,-1294075.71,3,2026-09-03
TGO-910-G10-M,TGO,Togo,2018,-288203.05,1,2026-09-03
TGO-910-G11-M,TGO,Togo,2011,7428138.48,2,2026-09-03
TGO-910-G11-M,TGO,Togo,2013,3179477.28,1,2026-09-03
TGO-910-G11-M,TGO,Togo,2014,2801055.88,3,2026-09-03
TGO-910-G11-M,TGO,Togo,2015,2019019.47,2,2026-09-03
TGO-M-PMT,TGO,Togo,2016,5803133.68,8,2026-09-03
TGO-M-PMT,TGO,Togo,2017,21308292.92,27,2026-09-03
TGO-M-PMT,TGO,Togo,2018,6882380.26,30,2026-09-03
TGO-M-PMT,TGO,Togo,2019,8688478.15,44,2026-09-03
TGO-M-PMT,TGO,Togo,2020,16348862.66,86,2026-09-03
TGO-M-PMT,TGO,Togo,2021,16885154.76,66,2026-09-03
TGO-M-PMT,TGO,Togo,2022,17713966.24,60,2026-09-03
TGO-M-PMT,TGO,Togo,2023,24221206.2,96,2026-09-03
TGO-M-PMT,TGO,Togo,2024,15001025.15,48,2026-09-03
TGO-M-PMT,TGO,Togo,2025,6743324.21,58,2026-09-03
TGO-M-PMT,TGO,Togo,2026,23226377.43,62,2026-09-03
THA-202-G05-M-00,THA,Thailand,2004,660000,1,2026-09-03
THA-202-G05-M-00,THA,Thailand,2005,1305633,2,2026-09-03
THA-202-G05-M-00,THA,Thailand,2006,1171755,1,2026-09-03
THA-202-G05-M-00,THA,Thailand,2007,1337893,2,2026-09-03
THA-202-G05-M-00,THA,Thailand,2008,806719,1,2026-09-03
THA-202-G05-M-00,THA,Thailand,2011,-17838.23,1,2026-09-03
THA-708-G09-M,THA,Thailand,2008,5170981,1,2026-09-03
THA-708-G09-M,THA,Thailand,2009,5718652,2,2026-09-03
THA-708-G09-M,THA,Thailand,2010,2967189.15,2,2026-09-03
THA-708-G09-M,THA,Thailand,2011,1669982.67,1,2026-09-03
THA-M-DDC,THA,Thailand,2011,12147343.98,2,2026-09-03
THA-M-DDC,THA,Thailand,2012,7152654.48,5,2026-09-03
THA-M-DDC,THA,Thailand,2013,11325529,3,2026-09-03
THA-M-DDC,THA,Thailand,2014,16524452.7,6,2026-09-03
THA-M-DDC,THA,Thailand,2015,2221177.72,5,2026-09-03
THA-M-DDC,THA,Thailand,2016,6707209.91,9,2026-09-03
THA-M-DDC,THA,Thailand,2017,6713660.59,8,2026-09-03
THA-M-DDC,THA,Thailand,2018,-599507.39,1,2026-09-03
TJK-506-G04-M,TJK,Tajikistan,2006,1221833,2,2026-09-03
TJK-506-G04-M,TJK,Tajikistan,2007,1550168,3,2026-09-03
TJK-506-G04-M,TJK,Tajikistan,2008,1822811,4,2026-09-03
TJK-506-G04-M,TJK,Tajikistan,2009,788698,1,2026-09-03
TJK-506-G04-M,TJK,Tajikistan,2012,-25096.86,1,2026-09-03
TLS-202-G01-M-00,TLS,Timor-Leste,2003,380964,2,2026-09-03
TLS-202-G01-M-00,TLS,Timor-Leste,2004,983486,4,2026-09-03
TLS-202-G01-M-00,TLS,Timor-Leste,2005,438089,2,2026-09-03
TLS-202-G01-M-00,TLS,Timor-Leste,2006,934229,2,2026-09-03
TLS-202-G01-M-00,TLS,Timor-Leste,2011,-1993.77,1,2026-09-03
TLS-202-G01-M-00,TLS,Timor-Leste,2012,-12173,1,2026-09-03
TLS-709-G05-M,TLS,Timor-Leste,2009,3006874.5,4,2026-09-03
TLS-709-G05-M,TLS,Timor-Leste,2010,2688524.85,6,2026-09-03
TLS-709-G05-M,TLS,Timor-Leste,2011,776069.81,2,2026-09-03
TLS-M-MOH,TLS,Timor-Leste,2012,5052567.07,6,2026-09-03
TLS-M-MOH,TLS,Timor-Leste,2013,2604408.65,6,2026-09-03
TLS-M-MOH,TLS,Timor-Leste,2014,1527840.59,4,2026-09-03
TLS-M-MOH,TLS,Timor-Leste,2015,2515336.56,3,2026-09-03
TLS-M-MOH,TLS,Timor-Leste,2016,3102900.84,11,2026-09-03
TLS-M-MOH,TLS,Timor-Leste,2017,2629555.08,21,2026-09-03
TLS-M-MOH,TLS,Timor-Leste,2018,2427240.87,30,2026-09-03
TLS-M-MOH,TLS,Timor-Leste,2019,2306893.46,63,2026-09-03
TLS-M-MOH,TLS,Timor-Leste,2020,2993129.76,71,2026-09-03
TLS-M-MOH,TLS,Timor-Leste,2021,1115703.44,36,2026-09-03
TLS-M-MOH,TLS,Timor-Leste,2022,1378134.47,31,2026-09-03
TLS-M-MOH,TLS,Timor-Leste,2023,1198120.33,37,2026-09-03
TLS-M-MOH,TLS,Timor-Leste,2024,1424443.81,19,2026-09-03
TLS-M-MOH,TLS,Timor-Leste,2025,1765144.08,22,2026-09-03
TLS-M-MOH,TLS,Timor-Leste,2026,410370.83,22,2026-09-03
TNZ-102-G01-M-00,TZA,Tanzania (United Republic),2003,489478,1,2026-09-03
TNZ-102-G01-M-00,TZA,Tanzania (United Republic),2004,5074373,2,2026-09-03
TNZ-102-G01-M-00,TZA,Tanzania (United Republic),2005,3226761,1,2026-09-03
TNZ-102-G01-M-00,TZA,Tanzania (United Republic),2006,4426694,1,2026-09-03
TNZ-102-G01-M-00,TZA,Tanzania (United Republic),2007,4070926.97,2,2026-09-03
TNZ-102-G01-M-00,TZA,Tanzania (United Republic),2008,30845877.22,3,2026-09-03
TNZ-102-G01-M-00,TZA,Tanzania (United Republic),2009,22082901,1,2026-09-03
TNZ-102-G01-M-00,TZA,Tanzania (United Republic),2010,1463101,1,2026-09-03
TNZ-102-G01-M-00,TZA,Tanzania (United Republic),2011,1781739,1,2026-09-03
TNZ-102-G01-M-00,TZA,Tanzania (United Republic),2012,734978,1,2026-09-03
TNZ-102-G01-M-00,TZA,Tanzania (United Republic),2013,2833668,1,2026-09-03
TNZ-809-G11-M,TZA,Tanzania (United Republic),2009,31467017.88,1,2026-09-03
TNZ-809-G11-M,TZA,Tanzania (United Republic),2010,42797909,1,2026-09-03
TNZ-809-G11-M,TZA,Tanzania (United Republic),2011,20106946,3,2026-09-03
TZA-405-G08-M,TZA,Tanzania (United Republic),2005,18575572,1,2026-09-03
TZA-405-G08-M,TZA,Tanzania (United Republic),2006,17734887,1,2026-09-03
TZA-405-G08-M,TZA,Tanzania (United Republic),2007,17891328,1,2026-09-03
TZA-405-G08-M,TZA,Tanzania (United Republic),2008,20884977,1,2026-09-03
TZA-405-G08-M,TZA,Tanzania (United Republic),2015,-208073,1,2026-09-03
TZA-708-G10-M,TZA,Tanzania (United Republic),2008,5161417,1,2026-09-03
TZA-708-G10-M,TZA,Tanzania (United Republic),2009,5008687.23,1,2026-09-03
TZA-708-G10-M,TZA,Tanzania (United Republic),2010,6146364,1,2026-09-03
TZA-M-MOF,TZA,Tanzania (United Republic),2011,20565770,2,2026-09-03
TZA-M-MOF,TZA,Tanzania (United Republic),2012,14432623,1,2026-09-03
TZA-M-MOF,TZA,Tanzania (United Republic),2013,49387879.25,4,2026-09-03
TZA-M-MOF,TZA,Tanzania (United Republic),2014,28943791.6,14,2026-09-03
TZA-M-MOF,TZA,Tanzania (United Republic),2015,56773477.33,45,2026-09-03
TZA-M-MOF,TZA,Tanzania (United Republic),2016,60443995.05,32,2026-09-03
TZA-M-MOF,TZA,Tanzania (United Republic),2017,69674305.41,112,2026-09-03
TZA-M-MOF,TZA,Tanzania (United Republic),2018,27087746.05,72,2026-09-03
TZA-M-MOF,TZA,Tanzania (United Republic),2019,52841975.67,71,2026-09-03
TZA-M-MOF,TZA,Tanzania (United Republic),2020,85804176.06,290,2026-09-03
TZA-M-MOF,TZA,Tanzania (United Republic),2021,94885797.09,305,2026-09-03
TZA-M-MOF,TZA,Tanzania (United Republic),2022,93908762.01,278,2026-09-03
TZA-M-MOF,TZA,Tanzania (United Republic),2023,67776117.92,503,2026-09-03
TZA-M-MOF,TZA,Tanzania (United Republic),2024,63901768.98,235,2026-09-03
TZA-M-MOF,TZA,Tanzania (United Republic),2025,95336980.21,652,2026-09-03
TZA-M-MOF,TZA,Tanzania (United Republic),2026,41965779.28,222,2026-09-03
UGA-202-G02-M-00,UGA,Uganda,2004,9749358,3,2026-09-03
UGA-202-G02-M-00,UGA,Uganda,2006,11305423.35,2,2026-09-03
UGA-M-MoFPED,UGA,Uganda,2015,14503848.27,10,2026-09-03
UGA-M-MoFPED,UGA,Uganda,2016,58656423.87,38,2026-09-03
UGA-M-MoFPED,UGA,Uganda,2017,38330791.99,52,2026-09-03
UGA-M-MoFPED,UGA,Uganda,2018,55168267.5,120,2026-09-03
UGA-M-MoFPED,UGA,Uganda,2019,36608516.92,124,2026-09-03
UGA-M-MoFPED,UGA,Uganda,2020,82365972,307,2026-09-03
UGA-M-MoFPED,UGA,Uganda,2021,51975657.04,183,2026-09-03
UGA-M-MoFPED,UGA,Uganda,2022,70871123.22,251,2026-09-03
UGA-M-MoFPED,UGA,Uganda,2023,105146421.59,532,2026-09-03
UGA-M-MoFPED,UGA,Uganda,2024,51945832.09,126,2026-09-03
UGA-M-MoFPED,UGA,Uganda,2025,51576125.37,117,2026-09-03
UGA-M-MoFPED,UGA,Uganda,2026,78968757.17,167,2026-09-03
UGA-M-TASO,UGA,Uganda,2015,4786364.89,5,2026-09-03
UGA-M-TASO,UGA,Uganda,2016,14528601.71,16,2026-09-03
UGA-M-TASO,UGA,Uganda,2017,11819674.95,17,2026-09-03
UGA-M-TASO,UGA,Uganda,2018,9581762.91,30,2026-09-03
UGA-M-TASO,UGA,Uganda,2019,2694375.72,4,2026-09-03
UGA-M-TASO,UGA,Uganda,2020,3727469,3,2026-09-03
UGA-M-TASO,UGA,Uganda,2021,11865335.38,28,2026-09-03
UGA-M-TASO,UGA,Uganda,2022,11251072.88,45,2026-09-03
UGA-M-TASO,UGA,Uganda,2023,10219734.42,13,2026-09-03
UGA-M-TASO,UGA,Uganda,2024,4672722.33,13,2026-09-03
UGA-M-TASO,UGA,Uganda,2025,23190417.57,88,2026-09-03
UGA-M-TASO,UGA,Uganda,2026,4567606.24,8,2026-09-03
UGD-011-G11-M,UGA,Uganda,2012,11532319.78,2,2026-09-03
UGD-011-G11-M,UGA,Uganda,2013,5518258.26,1,2026-09-03
UGD-011-G11-M,UGA,Uganda,2014,11160159.22,4,2026-09-03
UGD-011-G12-M,UGA,Uganda,2012,7091844.48,3,2026-09-03
UGD-011-G12-M,UGA,Uganda,2013,9589103.5,5,2026-09-03
UGD-011-G12-M,UGA,Uganda,2014,3063057.4,3,2026-09-03
UGD-405-G05-M,UGA,Uganda,2005,31149704,2,2026-09-03
UGD-405-G05-M,UGA,Uganda,2006,16410071,1,2026-09-03
UGD-405-G05-M,UGA,Uganda,2007,5175831,1,2026-09-03
UGD-405-G05-M,UGA,Uganda,2008,6335768,1,2026-09-03
UGD-405-G05-M,UGA,Uganda,2010,24781064,1,2026-09-03
UGD-405-G05-M,UGA,Uganda,2011,5554023.88,1,2026-09-03
UGD-405-G05-M,UGA,Uganda,2012,6553335.11,1,2026-09-03
UGD-405-G05-M,UGA,Uganda,2015,-133260.51,1,2026-09-03
UGD-708-G08-M,UGA,Uganda,2009,40985476,1,2026-09-03
UGD-708-G08-M,UGA,Uganda,2010,6297306,1,2026-09-03
UGD-708-G08-M,UGA,Uganda,2011,3911345.09,1,2026-09-03
UGD-708-G08-M,UGA,Uganda,2012,57913940.85,2,2026-09-03
UGD-708-G08-M,UGA,Uganda,2013,4404143,1,2026-09-03
UZB-405-G02-M,UZB,Uzbekistan,2005,450290,1,2026-09-03
UZB-405-G02-M,UZB,Uzbekistan,2006,359034,1,2026-09-03
UZB-405-G02-M,UZB,Uzbekistan,2007,1104061,3,2026-09-03
UZB-405-G02-M,UZB,Uzbekistan,2008,509704,2,2026-09-03
UZB-405-G02-M,UZB,Uzbekistan,2011,-120613.1,1,2026-09-03
UZB-809-G04-M,UZB,Uzbekistan,2009,984904,1,2026-09-03
UZB-809-G04-M,UZB,Uzbekistan,2011,341398,1,2026-09-03
UZB-809-G04-M,UZB,Uzbekistan,2012,442231,1,2026-09-03
UZB-809-G04-M,UZB,Uzbekistan,2013,544742,1,2026-09-03
UZB-809-G04-M,UZB,Uzbekistan,2016,147288.92,3,2026-09-03
UZB-M-RCSSES,UZB,Uzbekistan,2018,400000,1,2026-09-03
VEN-M-UNDP,VEN,Venezuela (Bolivarian Republic),2020,12721755.4,1,2026-09-03
VEN-M-UNDP,VEN,Venezuela (Bolivarian Republic),2021,12515489.26,1,2026-09-03
VEN-M-UNDP,VEN,Venezuela (Bolivarian Republic),2022,1982584.7,2,2026-09-03
VEN-M-UNDP,VEN,Venezuela (Bolivarian Republic),2023,8490865.9,5,2026-09-03
VEN-M-UNDP,VEN,Venezuela (Bolivarian Republic),2024,9845573,6,2026-09-03
VEN-M-UNDP,VEN,Venezuela (Bolivarian Republic),2025,536616,3,2026-09-03
VEN-M-UNDP,VEN,Venezuela (Bolivarian Republic),2026,2684703.1,1,2026-09-03
VNM-304-G03-M,VNM,Viet Nam,2004,3218217,1,2026-09-03
VNM-304-G03-M,VNM,Viet Nam,2005,6608531,4,2026-09-03
VNM-304-G03-M,VNM,Viet Nam,2006,2528426,2,2026-09-03
VNM-304-G03-M,VNM,Viet Nam,2007,4508973.59,3,2026-09-03
VNM-304-G03-M,VNM,Viet Nam,2008,4313807.91,2,2026-09-03
VNM-M-NIMPE,VNM,Viet Nam,2016,2795898.98,11,2026-09-03
VNM-M-NIMPE,VNM,Viet Nam,2017,9452570.58,22,2026-09-03
VNM-M-NIMPE,VNM,Viet Nam,2018,-89965.16,4,2026-09-03
VTN-708-G06-M,VNM,Viet Nam,2008,4082037.86,1,2026-09-03
VTN-708-G06-M,VNM,Viet Nam,2009,1104530,1,2026-09-03
VTN-708-G06-M,VNM,Viet Nam,2010,4899235.12,3,2026-09-03
VTN-708-G06-M,VNM,Viet Nam,2011,6084106.47,5,2026-09-03
VTN-708-G06-M,VNM,Viet Nam,2012,4059888.96,3,2026-09-03
VTN-708-G06-M,VNM,Viet Nam,2013,4249171,5,2026-09-03
VTN-708-G06-M,VNM,Viet Nam,2014,3777901.52,6,2026-09-03
VTN-708-G06-M,VNM,Viet Nam,2015,1021536.59,3,2026-09-03
YEM-202-G01-M-00,YEM,Yemen,2003,200000,1,2026-09-03
YEM-202-G01-M-00,YEM,Yemen,2004,1461532,1,2026-09-03
YEM-202-G01-M-00,YEM,Yemen,2005,1664079,2,2026-09-03
YEM-202-G01-M-00,YEM,Yemen,2006,1952517,3,2026-09-03
YEM-202-G01-M-00,YEM,Yemen,2007,2394449,2,2026-09-03
YEM-202-G01-M-00,YEM,Yemen,2008,1784352,1,2026-09-03
YEM-202-G01-M-00,YEM,Yemen,2009,2421276.67,2,2026-09-03
YEM-202-G01-M-00,YEM,Yemen,2014,-50241.43,1,2026-09-03
YEM-708-G06-M,YEM,Yemen,2008,3260384.8,1,2026-09-03
YEM-708-G06-M,YEM,Yemen,2010,4301028,3,2026-09-03
YEM-708-G06-M,YEM,Yemen,2012,9824756.2,5,2026-09-03
YEM-708-G06-M,YEM,Yemen,2013,5973122.76,3,2026-09-03
YEM-708-G06-M,YEM,Yemen,2014,2067776.25,4,2026-09-03
YEM-708-G06-M,YEM,Yemen,2015,-24517.4,3,2026-09-03
YEM-M-NMCP,YEM,Yemen,2015,1791467.21,7,2026-09-03
YEM-M-NMCP,YEM,Yemen,2016,4517019.68,12,2026-09-03
YEM-M-NMCP,YEM,Yemen,2017,3583440.58,10,2026-09-03
YEM-M-NMCP,YEM,Yemen,2018,-7248.1,1,2026-09-03
YEM-M-NMCP,YEM,Yemen,2019,-56405,1,2026-09-03
ZAM-711-G27-M,ZMB,Zambia,2012,8128403,2,2026-09-03
ZAM-711-G27-M,ZMB,Zambia,2013,27318478,3,2026-09-03
ZAM-711-G27-M,ZMB,Zambia,2015,1676506,1,2026-09-03
ZAM-711-G27-M,ZMB,Zambia,2017,-96219.62,1,2026-09-03
ZAN-809-G07-M,QNB,Zanzibar,2010,1464159.34,1,2026-09-03
ZAN-809-G07-M,QNB,Zanzibar,2011,1333518.28,3,2026-09-03
ZAN-809-G07-M,QNB,Zanzibar,2012,-247916.04,1,2026-09-03
ZAN-809-G07-M,QNB,Zanzibar,2013,4107241.27,8,2026-09-03
ZAN-809-G07-M,QNB,Zanzibar,2015,-194342.21,3,2026-09-03
ZAN-809-G07-M,QNB,Zanzibar,2017,-5077.91,1,2026-09-03
ZAR-304-G03-M,COD,Congo (Democratic Republic),2004,1441185.54,1,2026-09-03
ZAR-304-G03-M,COD,Congo (Democratic Republic),2005,18579231,2,2026-09-03
ZAR-304-G03-M,COD,Congo (Democratic Republic),2006,6471520,2,2026-09-03
ZAR-304-G03-M,COD,Congo (Democratic Republic),2007,5184339,2,2026-09-03
ZAR-304-G03-M,COD,Congo (Democratic Republic),2008,18188352.36,3,2026-09-03
ZAR-304-G03-M,COD,Congo (Democratic Republic),2009,4071980.42,1,2026-09-03
ZAR-304-G03-M,COD,Congo (Democratic Republic),2015,-6440.11,1,2026-09-03
ZAR-304-G03-M,COD,Congo (Democratic Republic),2016,-11.71,1,2026-09-03
ZAR-304-G03-M,COD,Congo (Democratic Republic),2018,-1555393.32,1,2026-09-03
ZAR-810-G09-M,COD,Congo (Democratic Republic),2010,14296631.77,2,2026-09-03
ZAR-810-G09-M,COD,Congo (Democratic Republic),2011,2106190,1,2026-09-03
ZAR-810-G09-M,COD,Congo (Democratic Republic),2012,1606825,1,2026-09-03
ZAR-810-G09-M,COD,Congo (Democratic Republic),2015,-149445.75,1,2026-09-03
ZAR-810-G09-M,COD,Congo (Democratic Republic),2016,-271.97,1,2026-09-03
ZAR-810-G09-M,COD,Congo (Democratic Republic),2017,-285743.6,1,2026-09-03
ZAR-M-MOH,COD,Congo (Democratic Republic),2012,10141572,2,2026-09-03
ZAR-M-MOH,COD,Congo (Democratic Republic),2014,1276895,1,2026-09-03
ZIM-011-G15-M,ZWE,Zimbabwe,2012,124543.11,1,2026-09-03
ZIM-011-G15-M,ZWE,Zimbabwe,2014,-14305,1,2026-09-03
ZIM-809-G13-M,ZWE,Zimbabwe,2009,20319313.75,1,2026-09-03
ZIM-809-G13-M,ZWE,Zimbabwe,2010,5455989.25,2,2026-09-03
ZIM-809-G13-M,ZWE,Zimbabwe,2011,5774803.24,3,2026-09-03
ZIM-809-G13-M,ZWE,Zimbabwe,2012,339131,1,2026-09-03
ZIM-809-G13-M,ZWE,Zimbabwe,2014,-1239.77,1,2026-09-03
ZIM-M-UNDP,ZWE,Zimbabwe,2012,21201474,2,2026-09-03
ZIM-M-UNDP,ZWE,Zimbabwe,2013,10041905,2,2026-09-03
ZIM-M-UNDP,ZWE,Zimbabwe,2014,10711361,2,2026-09-03
ZIM-M-UNDP,ZWE,Zimbabwe,2016,-94939.16,1,2026-09-03
ZIM-M-UNDP,ZWE,Zimbabwe,2017,-1008.58,2,2026-09-03
ZIM-M-UNDP,ZWE,Zimbabwe,2018,-29291,1,2026-09-03
ZMB-102-G02-M-00,ZMB,Zambia,2003,4653400,1,2026-09-03
ZMB-102-G02-M-00,ZMB,Zambia,2004,11440135,2,2026-09-03
ZMB-102-G02-M-00,ZMB,Zambia,2005,945665,1,2026-09-03
ZMB-102-G02-M-00,ZMB,Zambia,2006,2131913.38,1,2026-09-03
ZMB-102-G02-M-00,ZMB,Zambia,2007,1646970,2,2026-09-03
ZMB-102-G02-M-00,ZMB,Zambia,2008,7681257.42,1,2026-09-03
ZMB-102-G02-M-00,ZMB,Zambia,2009,6791959,1,2026-09-03
ZMB-102-G02-M-00,ZMB,Zambia,2012,-1242135,1,2026-09-03
ZMB-102-G05-M-00,ZMB,Zambia,2003,254430,1,2026-09-03
ZMB-102-G05-M-00,ZMB,Zambia,2004,459381,3,2026-09-03
ZMB-102-G05-M-00,ZMB,Zambia,2005,1077563,2,2026-09-03
ZMB-102-G05-M-00,ZMB,Zambia,2006,1065473.4,2,2026-09-03
ZMB-102-G05-M-00,ZMB,Zambia,2007,470943,2,2026-09-03
ZMB-102-G05-M-00,ZMB,Zambia,2008,54701,1,2026-09-03
ZMB-102-G05-M-00,ZMB,Zambia,2013,-31842.07,1,2026-09-03
ZMB-405-G13-M,ZMB,Zambia,2005,4810017,1,2026-09-03
ZMB-405-G13-M,ZMB,Zambia,2007,8866957.36,4,2026-09-03
ZMB-405-G13-M,ZMB,Zambia,2008,3263642.52,1,2026-09-03
ZMB-405-G13-M,ZMB,Zambia,2009,525832.35,1,2026-09-03
ZMB-405-G13-M,ZMB,Zambia,2010,1192238.5,3,2026-09-03
ZMB-405-G13-M,ZMB,Zambia,2011,2452617.75,3,2026-09-03
ZMB-405-G13-M,ZMB,Zambia,2012,-790006.36,2,2026-09-03
ZMB-405-G14-M,ZMB,Zambia,2005,3312557,1,2026-09-03
ZMB-405-G14-M,ZMB,Zambia,2006,2285745,2,2026-09-03
ZMB-405-G14-M,ZMB,Zambia,2007,3185300,2,2026-09-03
ZMB-405-G14-M,ZMB,Zambia,2008,2000836.88,1,2026-09-03
ZMB-405-G14-M,ZMB,Zambia,2009,171945,1,2026-09-03
ZMB-405-G14-M,ZMB,Zambia,2010,1253171,1,2026-09-03
ZMB-405-G14-M,ZMB,Zambia,2013,-522343.31,1,2026-09-03
ZMB-411-G25-M,ZMB,Zambia,2011,5282152,1,2026-09-03
ZMB-411-G25-M,ZMB,Zambia,2013,-331296.82,1,2026-09-03
ZMB-708-G19-M,ZMB,Zambia,2008,2422691.23,1,2026-09-03
ZMB-708-G19-M,ZMB,Zambia,2009,1020560,1,2026-09-03
ZMB-708-G19-M,ZMB,Zambia,2011,270716,1,2026-09-03
ZMB-708-G19-M,ZMB,Zambia,2012,2973386,1,2026-09-03
ZMB-708-G19-M,ZMB,Zambia,2013,2902151,2,2026-09-03
ZMB-708-G19-M,ZMB,Zambia,2018,-8869.5,1,2026-09-03
ZMB-M-CHAZ,ZMB,Zambia,2015,1115425.5,1,2026-09-03
ZMB-M-CHAZ,ZMB,Zambia,2016,3630222.44,1,2026-09-03
ZMB-M-CHAZ,ZMB,Zambia,2017,5821925.13,3,2026-09-03
ZMB-M-CHAZ,ZMB,Zambia,2018,8031470,3,2026-09-03
ZMB-M-CHAZ,ZMB,Zambia,2019,3779575.19,2,2026-09-03
ZMB-M-CHAZ,ZMB,Zambia,2020,5769967.81,2,2026-09-03
ZMB-M-CHAZ,ZMB,Zambia,2021,12968179,4,2026-09-03
ZMB-M-CHAZ,ZMB,Zambia,2022,4664011,1,2026-09-03
ZMB-M-CHAZ,ZMB,Zambia,2023,8987806.08,4,2026-09-03
ZMB-M-CHAZ,ZMB,Zambia,2024,8202262,2,2026-09-03
ZMB-M-CHAZ,ZMB,Zambia,2025,2401031.55,8,2026-09-03
ZMB-M-CHAZ,ZMB,Zambia,2026,3510766.28,2,2026-09-03
ZMB-M-MOH,ZMB,Zambia,2015,6741549.78,9,2026-09-03
ZMB-M-MOH,ZMB,Zambia,2016,22878829.35,17,2026-09-03
ZMB-M-MOH,ZMB,Zambia,2017,33762399.92,63,2026-09-03
ZMB-M-MOH,ZMB,Zambia,2018,14084037.42,41,2026-09-03
ZMB-M-MOH,ZMB,Zambia,2019,19943176.99,34,2026-09-03
ZMB-M-MOH,ZMB,Zambia,2020,35194920.15,94,2026-09-03
ZMB-M-MOH,ZMB,Zambia,2021,25678986.59,80,2026-09-03
ZMB-M-MOH,ZMB,Zambia,2022,13867887.51,27,2026-09-03
ZMB-M-MOH,ZMB,Zambia,2023,19976255.01,57,2026-09-03
ZMB-M-MOH,ZMB,Zambia,2024,9224944.21,36,2026-09-03
ZMB-M-MOH,ZMB,Zambia,2025,6482295.56,41,2026-09-03
ZMB-M-MOH,ZMB,Zambia,2026,24240374.94,90,2026-09-03
ZWE-102-G02-M-00,ZWE,Zimbabwe,2003,1415000,1,2026-09-03
ZWE-102-G02-M-00,ZWE,Zimbabwe,2005,3861937.58,1,2026-09-03
ZWE-102-G02-M-00,ZWE,Zimbabwe,2006,724675,1,2026-09-03
ZWE-102-G02-M-00,ZWE,Zimbabwe,2007,2249371,1,2026-09-03
ZWE-102-G02-M-00,ZWE,Zimbabwe,2010,-1324787,1,2026-09-03
ZWE-506-G06-M,ZWE,Zimbabwe,2007,6798371.23,1,2026-09-03
ZWE-506-G06-M,ZWE,Zimbabwe,2009,1158134.19,2,2026-09-03
ZWE-506-G06-M,ZWE,Zimbabwe,2015,-27852.78,1,2026-09-03
ZWE-509-G09-M,ZWE,Zimbabwe,2009,11784474,1,2026-09-03
ZWE-509-G09-M,ZWE,Zimbabwe,2010,3658648.85,1,2026-09-03
ZWE-509-G09-M,ZWE,Zimbabwe,2013,-56448.42,1,2026-09-03
ZWE-M-MOHCC,ZWE,Zimbabwe,2015,24309663.64,10,2026-09-03
ZWE-M-MOHCC,ZWE,Zimbabwe,2016,16409900.11,20,2026-09-03
ZWE-M-MOHCC,ZWE,Zimbabwe,2017,17118020.13,30,2026-09-03
ZWE-M-MOHCC,ZWE,Zimbabwe,2018,12982000.44,42,2026-09-03
ZWE-M-MOHCC,ZWE,Zimbabwe,2019,17303040.72,51,2026-09-03
ZWE-M-MOHCC,ZWE,Zimbabwe,2020,32077378.6,91,2026-09-03
ZWE-M-MOHCC,ZWE,Zimbabwe,2021,49085306.51,272,2026-09-03
ZWE-M-MOHCC,ZWE,Zimbabwe,2022,36225930.32,251,2026-09-03
ZWE-M-MOHCC,ZWE,Zimbabwe,2023,38383184.53,159,2026-09-03
ZWE-M-MOHCC,ZWE,Zimbabwe,2024,29331424.87,103,2026-09-03
ZWE-M-MOHCC,ZWE,Zimbabwe,2025,17611340.47,59,2026-09-03
ZWE-M-MOHCC,ZWE,Zimbabwe,2026,10398735.56,67,2026-09-03
